#TRIG_ID, MET, Date, UTC, Lon, Lat, Alt, Algor, TSig, LST_Frac, LST, OS_ID
tTGF080807357, 239790805.191042, 2008-08-07, 08:33:24.191042, 253.0069, +15.3956, 551.48, 43, 0.0, 0.055, 01:20, oTGF080807357
tTGF080828449, 241613191.271448, 2008-08-28, 10:46:30.271448, 87.7133, +23.7713, 542.51, 43, 0.0, 0.692, 16:36, oTGF080828449
tTGF081001392, 244545885.927230, 2008-10-01, 09:24:44.927230, 162.6727, +10.5348, 540.10, 43, 0.0, 0.851, 20:26, oTGF081001392
tTGF081006797, 245012891.745324, 2008-10-06, 19:08:10.745324, 159.7019, -12.5054, 553.22, 43, 8.4, 0.249, 05:59, oTGF081006797
tTGF081025691, 246645286.557752, 2008-10-25, 16:34:45.557752, 26.8674, -1.1309, 558.55, 1, 10.5, 0.777, 18:38, oTGF081025691
tTGF081113322, 248255045.238298, 2008-11-13, 07:44:04.238298, 7.3250, +2.9078, 539.86, 50, 9.0, 0.354, 08:29, oTGF081113322
tTGF081123874, 249166723.331554, 2008-11-23, 20:58:42.331554, 129.8770, -16.0392, 552.68, 43, 9.0, 0.244, 05:52, oTGF081123874
tTGF081223051, 251687595.665124, 2008-12-23, 01:13:14.665124, 203.3275, -17.0180, 548.44, 43, 8.7, 0.616, 14:47, oTGF081223051
tTGF090203356, 255342766.380242, 2009-02-03, 08:32:44.380242, 125.8599, -16.7935, 563.40, 43, 8.8, 0.696, 16:42, oTGF090203356
tTGF090510498, 263649437.985436, 2009-05-10, 11:57:15.985436, 24.0762, -5.2839, 556.39, 43, 8.9, 0.567, 13:37, oTGF090510498
tTGF090522190, 264659628.890568, 2009-05-22, 04:33:46.890568, 167.1102, -19.2105, 557.72, 43, 8.7, 0.657, 15:46, oTGF090522190
tTGF090627274, 267777290.325250, 2009-06-27, 06:34:48.325250, 281.7990, +8.1535, 554.56, 43, 8.8, 0.055, 01:19, oTGF090627274c
tTGF090808739, 271446248.096946, 2009-08-08, 17:44:06.096946, 301.0571, +3.8178, 557.83, 43, 10.2, 0.571, 13:43, oTGF090808739a
tTGF090813215, 271833016.790074, 2009-08-13, 05:10:14.790074, 278.2841, -2.2039, 547.75, 43, 23.4, 0.985, 23:39, oTGF090813215
tTGF090828147, 273123112.217748, 2009-08-28, 03:31:50.217748, 252.8429, +22.7886, 559.06, 43, 8.7, 0.849, 20:22, oTGF090828147
tTGF091116633, 280077133.150782, 2009-11-16, 15:12:11.150782, 123.1092, +3.9176, 546.69, 43, 8.0, 0.986, 23:40, oTGF091116633
tTGF091118985, 280280333.984956, 2009-11-18, 23:38:51.984956, 148.8205, +0.6226, 545.42, 119, 5.6, 0.409, 09:49, oTGF091118985
tTGF091130219, 281250934.980584, 2009-11-30, 05:15:32.980584, 132.5964, -12.0937, 552.04, 119, 7.1, 0.595, 14:17, oTGF091130219
tTGF091130288, 281256905.220904, 2009-11-30, 06:55:03.220904, 121.2229, -5.9131, 552.99, 119, 6.4, 0.633, 15:11, oTGF091130288
tTGF091211599, 282234171.438494, 2009-12-11, 14:22:49.438494, 130.4487, -7.6722, 560.64, 119, 5.4, 0.966, 23:11, oTGF091211599
tTGF091213783, 282422850.802632, 2009-12-13, 18:47:28.802632, 26.3577, +2.2744, 556.56, 117, 6.1, 0.860, 20:39, oTGF091213783
tTGF091213876, 282430912.479642, 2009-12-13, 21:01:50.479642, 140.6042, -15.8433, 550.96, 116, 6.0, 0.271, 06:30, oTGF091213876
tTGF091213945, 282436825.106924, 2009-12-13, 22:40:23.106924, 126.4843, -11.5420, 547.95, 43, 12.7, 0.300, 07:12, oTGF091213945
tTGF091214495, 282484409.829662, 2009-12-14, 11:53:27.829662, 31.4127, +25.4777, 541.71, 43, 9.8, 0.586, 14:04, oTGF091214495
tTGF091221677, 283104876.970184, 2009-12-21, 16:14:34.970184, 20.5463, -5.8380, 546.55, 119, 5.7, 0.735, 17:39, oTGF091221677
tTGF091224757, 283371023.683796, 2009-12-24, 18:10:21.683796, 133.7235, -0.8876, 559.13, 119, 8.4, 0.129, 03:05, oTGF091224757
tTGF091227540, 283611494.322114, 2009-12-27, 12:58:12.322114, 182.4701, -4.6218, 559.24, 117, 5.3, 0.046, 01:07, oTGF091227540
tTGF091227801, 283633990.596056, 2009-12-27, 19:13:08.596056, 62.2422, -15.1478, 558.73, 43, 8.4, 0.973, 23:21, oTGF091227801
tTGF100103431, 284206838.169226, 2010-01-03, 10:20:36.169226, 142.1920, -15.8969, 546.44, 116, 8.2, 0.823, 19:45, oTGF100103431
tTGF100104563, 284304652.233714, 2010-01-04, 13:30:50.233714, 110.8937, -5.3418, 545.64, 119, 5.7, 0.868, 20:49, oTGF100104563
tTGF100110328, 284802754.506562, 2010-01-10, 07:52:32.506562, 133.1263, -13.1602, 543.33, 116, 6.4, 0.693, 16:38, oTGF100110328
tTGF100125883, 286146698.123060, 2010-01-25, 21:11:36.123060, 24.9002, -1.3534, 540.07, 117, 5.0, 0.944, 22:39, oTGF100125883
tTGF100129593, 286467270.550726, 2010-01-29, 14:14:28.550726, 86.8589, +5.1323, 542.02, 119, 5.0, 0.826, 19:49, oTGF100129593
tTGF100202802, 286830870.039888, 2010-02-02, 19:14:28.039888, 149.3321, -9.6471, 548.89, 119, 5.7, 0.207, 04:58, oTGF100202802
tTGF100203793, 286916546.710500, 2010-02-03, 19:02:24.710500, 129.4745, -15.7424, 546.45, 118, 5.2, 0.143, 03:26, oTGF100203793a
tTGF100207843, 287266468.247782, 2010-02-07, 20:14:26.247782, 107.6106, -4.0412, 541.69, 50, 9.3, 0.132, 03:11, oTGF100207843
tTGF100208349, 287310138.994640, 2010-02-08, 08:22:16.994640, 142.3216, -14.3535, 555.93, 119, 6.7, 0.734, 17:37, oTGF100208349
tTGF100210761, 287518558.550044, 2010-02-10, 18:15:56.550044, 116.0823, -3.3771, 540.14, 117, 5.0, 0.074, 01:46, oTGF100210761
tTGF100214868, 287873431.660198, 2010-02-14, 20:50:29.660198, 27.7810, -11.5022, 548.15, 119, 7.3, 0.936, 22:27, oTGF100214868
tTGF100216663, 288028520.709570, 2010-02-16, 15:55:18.709570, 111.4891, -0.5810, 544.87, 118, 5.7, 0.963, 23:07, oTGF100216663
tTGF100218518, 288188741.133716, 2010-02-18, 12:25:39.133716, 139.1238, -5.5739, 551.21, 116, 5.8, 0.895, 21:28, oTGF100218518
tTGF100223288, 288600866.611804, 2010-02-23, 06:54:24.611804, 165.2542, -14.1703, 562.32, 117, 5.2, 0.738, 17:42, oTGF100223288
tTGF100225345, 288778568.232526, 2010-02-25, 08:16:06.232526, 135.6527, -11.4682, 561.59, 119, 7.6, 0.712, 17:06, oTGF100225345
tTGF100225374, 288781074.545288, 2010-02-25, 08:57:52.545288, 283.0860, +19.3705, 540.15, 119, 5.7, 0.151, 03:37, oTGF100225374
tTGF100226338, 288864420.034852, 2010-02-26, 08:06:58.034852, 125.6371, -13.3642, 561.37, 119, 6.2, 0.678, 16:17, oTGF100226338
tTGF100303848, 289340477.550106, 2010-03-03, 20:21:15.550106, 292.7777, +1.8050, 555.53, 119, 6.1, 0.653, 15:40, oTGF100303848
tTGF100304842, 289426375.044548, 2010-03-04, 20:12:53.044548, 285.3565, +0.9200, 553.70, 117, 6.3, 0.627, 15:03, oTGF100304842
tTGF100305806, 289509676.389138, 2010-03-05, 19:21:14.389138, 124.0840, -7.1875, 545.73, 119, 4.9, 0.143, 03:26, oTGF100305806
tTGF100327513, 291385166.610698, 2010-03-27, 12:19:24.610698, 205.1937, -9.8581, 560.96, 119, 7.0, 0.080, 01:55, oTGF100327513
tTGF100331421, 291722736.414486, 2010-03-31, 10:05:34.414486, 183.2603, -19.1854, 558.87, 119, 7.0, 0.927, 22:14, oTGF100331421
tTGF100409543, 292510904.380070, 2010-04-09, 13:01:42.380070, 278.0168, +8.0548, 555.40, 119, 5.3, 0.314, 07:32, oTGF100409543
tTGF100411366, 292668430.738222, 2010-04-11, 08:47:08.738222, 147.0970, -8.2767, 541.95, 117, 5.1, 0.774, 18:34, oTGF100411366
tTGF100411433, 292674204.846774, 2010-04-11, 10:23:22.846774, 125.1515, -7.0818, 541.81, 117, 6.2, 0.780, 18:43, oTGF100411433
tTGF100414253, 292917883.295036, 2010-04-14, 06:04:41.295036, 0.2908, +1.2974, 558.97, 116, 8.0, 0.254, 06:05, oTGF100414253
tTGF100420086, 293421845.905902, 2010-04-20, 02:04:03.905902, 7.0010, +5.3221, 552.38, 119, 11.5, 0.106, 02:33, oTGF100420086a
tTGF100426657, 293989565.955348, 2010-04-26, 15:46:03.955348, 144.7273, -10.5855, 548.51, 118, 5.2, 0.061, 01:27, oTGF100426657a
tTGF100429003, 294192236.604116, 2010-04-29, 00:03:54.604116, 142.2866, -8.0431, 560.67, 117, 5.4, 0.400, 09:36, oTGF100429003
tTGF100501128, 294375834.428774, 2010-05-01, 03:03:52.428774, 97.1592, -0.3729, 559.21, 119, 6.3, 0.400, 09:35, oTGF100501128
tTGF100501559, 294413067.376176, 2010-05-01, 13:24:25.376176, 118.6327, +0.4016, 539.44, 117, 6.5, 0.890, 21:22, oTGF100501559
tTGF100506728, 294859694.876934, 2010-05-06, 17:28:12.876934, 6.4360, +5.7529, 547.01, 119, 5.2, 0.748, 17:57, oTGF100506728
tTGF100509238, 295076532.289116, 2010-05-09, 05:42:10.289116, 111.4569, +23.3846, 558.33, 118, 6.0, 0.550, 13:12, oTGF100509238
tTGF100513287, 295426415.245144, 2010-05-13, 06:53:33.245144, 90.9504, +15.5729, 558.28, 116, 8.4, 0.542, 13:01, oTGF100513287
tTGF100514458, 295527614.664942, 2010-05-14, 11:00:12.664942, 255.2672, +9.1406, 541.60, 119, 5.3, 0.170, 04:05, oTGF100514458
tTGF100515316, 295601707.800104, 2010-05-15, 07:35:05.800104, 278.2831, -0.9821, 539.78, 43, 19.2, 0.092, 02:12, oTGF100515316
tTGF100520294, 296031818.535632, 2010-05-20, 07:03:36.535632, 274.8785, +11.5703, 538.90, 119, 5.6, 0.060, 01:27, oTGF100520294
tTGF100604105, 297311477.268028, 2010-06-04, 02:31:15.268028, 11.0298, +5.8238, 541.76, 119, 6.6, 0.137, 03:17, oTGF100604105
tTGF100606292, 297500427.336114, 2010-06-06, 07:00:25.336114, 281.6750, +8.2087, 546.10, 116, 6.5, 0.075, 01:49, oTGF100606292a
tTGF100609597, 297786019.113930, 2010-06-09, 14:20:17.113930, 94.1150, +24.3274, 558.57, 117, 5.8, 0.859, 20:37, oTGF100609597
tTGF100610132, 297832204.417408, 2010-06-10, 03:10:02.417408, 281.0865, +19.1324, 557.01, 117, 5.6, 0.913, 21:55, oTGF100610132
tTGF100610202, 297838234.623898, 2010-06-10, 04:50:32.623898, 273.9034, +12.5517, 554.85, 116, 6.1, 0.963, 23:07, oTGF100610202
tTGF100616900, 298416958.405580, 2010-06-16, 21:35:56.405580, 339.7590, +8.7361, 557.70, 117, 5.1, 0.843, 20:14, oTGF100616900
tTGF100617497, 298468513.215612, 2010-06-17, 11:55:11.215612, 120.2800, +8.7655, 557.24, 116, 5.7, 0.830, 19:55, oTGF100617497
tTGF100620337, 298713876.415000, 2010-06-20, 08:04:34.415000, 94.7906, +25.3818, 544.37, 116, 6.1, 0.599, 14:22, oTGF100620337
tTGF100620481, 298726384.488748, 2010-06-20, 11:33:02.488748, 108.0717, +6.3466, 554.27, 116, 6.5, 0.780, 18:44, oTGF100620481
tTGF100624394, 299064444.989708, 2010-06-24, 09:27:22.989708, 113.9882, +4.1206, 548.01, 116, 7.1, 0.709, 17:01, oTGF100624394
tTGF100701753, 299700246.095708, 2010-07-01, 18:04:04.095708, 284.6535, +5.6279, 538.81, 116, 7.2, 0.541, 12:59, oTGF100701753
tTGF100701793, 299703675.963702, 2010-07-01, 19:01:13.963702, 122.1788, +9.4549, 556.53, 43, 9.1, 0.129, 03:06, oTGF100701793
tTGF100702649, 299777644.250168, 2010-07-02, 15:34:02.250168, 138.8326, -3.9338, 559.58, 118, 5.2, 0.031, 00:45, oTGF100702649
tTGF100705663, 300038067.651966, 2010-07-05, 15:54:25.651966, 277.7450, +9.7109, 542.96, 118, 5.9, 0.431, 10:21, oTGF100705663
tTGF100713095, 300680205.393162, 2010-07-13, 02:16:43.393162, 96.4272, -5.2025, 552.98, 43, 8.4, 0.359, 08:37, oTGF100713095
tTGF100713481, 300713544.684116, 2010-07-13, 11:32:22.684116, 253.8708, +20.1293, 558.24, 116, 8.3, 0.182, 04:22, oTGF100713481
tTGF100716443, 300969487.300492, 2010-07-16, 10:38:05.300492, 125.1605, +5.2027, 540.44, 119, 5.9, 0.787, 18:53, oTGF100716443
tTGF100724934, 301703138.696012, 2010-07-24, 22:25:36.696012, 266.9245, +15.5290, 540.55, 119, 6.0, 0.671, 16:07, oTGF100724934b
tTGF100726397, 301829534.308034, 2010-07-26, 09:32:12.308034, 112.5724, +22.4127, 540.17, 119, 5.0, 0.706, 16:56, oTGF100726397
tTGF100728940, 302049181.883838, 2010-07-28, 22:32:59.883838, 23.7968, -2.3321, 545.32, 119, 4.9, 0.001, 00:02, oTGF100728940
tTGF100819608, 303921359.426242, 2010-08-19, 14:35:57.426242, 276.0464, +21.4688, 552.46, 119, 6.3, 0.373, 08:57, oTGF100819608
tTGF100826543, 304520497.701372, 2010-08-26, 13:01:35.701372, 98.2196, -10.4574, 555.16, 117, 8.1, 0.814, 19:33, oTGF100826543
tTGF100829230, 304752672.768510, 2010-08-29, 05:31:10.768510, 20.6975, +5.6597, 541.91, 119, 5.9, 0.287, 06:53, oTGF100829230
tTGF100901124, 305002750.626280, 2010-09-01, 02:59:08.626280, 268.1048, +17.1175, 551.71, 119, 5.5, 0.869, 20:51, oTGF100901124
tTGF100901312, 305018980.092064, 2010-09-01, 07:29:38.092064, 143.5878, -7.3304, 560.24, 119, 7.9, 0.711, 17:04, oTGF100901312
tTGF100903902, 305242730.892660, 2010-09-03, 21:38:48.892660, 291.0328, +2.0389, 558.77, 119, 5.0, 0.711, 17:04, oTGF100903902
tTGF100905058, 305342607.481132, 2010-09-05, 01:23:25.481132, 24.9196, +7.8847, 540.49, 1, 7.8, 0.128, 03:04, oTGF100905058
tTGF100905109, 305347030.082666, 2010-09-05, 02:37:08.082666, 281.1139, +25.1907, 553.73, 119, 4.7, 0.891, 21:23, oTGF100905109
tTGF100909539, 305729787.161530, 2010-09-09, 12:56:25.161530, 26.6989, +6.1531, 554.20, 118, 8.0, 0.615, 14:46, oTGF100909539
tTGF100911473, 305896841.181744, 2010-09-11, 11:20:39.181744, 93.9175, +24.4932, 558.23, 116, 5.7, 0.736, 17:40, oTGF100911473
tTGF100912943, 306023883.060150, 2010-09-12, 22:38:01.060150, 341.8625, +17.2552, 556.98, 117, 5.8, 0.895, 21:29, oTGF100912943
tTGF100918375, 306493191.739534, 2010-09-18, 08:59:49.739534, 117.8977, +23.8973, 553.87, 117, 5.9, 0.706, 16:57, oTGF100918375
tTGF100920577, 306683492.456478, 2010-09-20, 13:51:30.456478, 104.4106, -4.6483, 559.64, 118, 5.2, 0.872, 20:56, oTGF100920577
tTGF100920971, 306717496.814938, 2010-09-20, 23:18:14.814938, 298.9949, +5.2555, 556.85, 116, 5.6, 0.806, 19:21, oTGF100920971
tTGF100921730, 306783112.388344, 2010-09-21, 17:31:50.388344, 184.3441, -12.1023, 546.36, 117, 5.3, 0.247, 05:56, oTGF100921730
tTGF100923429, 306929906.197056, 2010-09-23, 10:18:24.197056, 141.3072, -7.2727, 558.71, 119, 5.1, 0.827, 19:51, oTGF100923429
tTGF100925319, 307093176.328058, 2010-09-25, 07:39:34.328058, 346.9399, +7.5057, 542.41, 119, 6.9, 0.289, 06:56, oTGF100925319
tTGF100927333, 307267191.533904, 2010-09-27, 07:59:49.533904, 106.7812, +10.9897, 543.42, 117, 5.1, 0.636, 15:16, oTGF100927333
tTGF100927599, 307290196.560340, 2010-09-27, 14:23:14.560340, 14.2431, +8.6370, 544.01, 116, 6.6, 0.645, 15:29, oTGF100927599
tTGF100928901, 307402640.329698, 2010-09-28, 21:37:18.329698, 117.8162, +11.0127, 547.19, 116, 9.5, 0.235, 05:38, oTGF100928901
tTGF101002507, 307714200.548154, 2010-10-02, 12:09:58.548154, 16.0542, +5.7147, 539.02, 119, 6.3, 0.559, 13:25, oTGF101002507
tTGF101003735, 307820296.547176, 2010-10-03, 17:38:14.547176, 111.3646, -2.4648, 559.16, 50, 9.1, 0.052, 01:15, oTGF101003735
tTGF101007410, 308137789.123656, 2010-10-07, 09:49:47.123656, 355.4353, +13.4500, 543.45, 119, 6.0, 0.405, 09:44, oTGF101007410
tTGF101009134, 308286814.059132, 2010-10-09, 03:13:32.059132, 86.5519, +11.2457, 545.67, 119, 4.9, 0.384, 09:12, oTGF101009134
tTGF101012231, 308554353.847264, 2010-10-12, 05:32:31.847264, 276.7888, +18.6392, 556.31, 117, 4.9, 0.009, 00:13, oTGF101012231
tTGF101022830, 309470113.808150, 2010-10-22, 19:55:11.808150, 294.6756, +0.0759, 540.18, 118, 6.3, 0.659, 15:49, oTGF101022830a
tTGF101025783, 309725221.094594, 2010-10-25, 18:46:59.094594, 120.7548, -5.7257, 556.74, 119, 5.6, 0.129, 03:06, oTGF101025783
tTGF101026710, 309805365.580384, 2010-10-26, 17:02:43.580384, 136.8208, -4.4086, 554.59, 116, 6.3, 0.101, 02:26, oTGF101026710
tTGF101114700, 311446064.028266, 2010-11-14, 16:47:42.028266, 150.1205, -6.8605, 544.79, 118, 5.2, 0.128, 03:04, oTGF101114700
tTGF101115695, 311532018.917442, 2010-11-15, 16:40:16.917442, 146.1732, -5.9926, 543.34, 119, 6.1, 0.111, 02:40, oTGF101115695
tTGF101118249, 311752738.805076, 2010-11-18, 05:58:56.805076, 117.3711, +0.9597, 557.35, 116, 8.1, 0.586, 14:03, oTGF101118249
tTGF101123225, 312182637.855512, 2010-11-23, 05:23:55.855512, 104.3665, -6.9567, 559.89, 119, 4.9, 0.524, 12:35, oTGF101123225
tTGF101124661, 312306690.253256, 2010-11-24, 15:51:28.253256, 172.5873, +24.4947, 539.99, 119, 5.3, 0.149, 03:35, oTGF101124661
tTGF101127992, 312594497.884346, 2010-11-27, 23:48:15.884346, 119.5078, +8.1643, 546.61, 118, 4.9, 0.332, 07:59, oTGF101127992
tTGF101128617, 312648479.013606, 2010-11-28, 14:47:57.013606, 43.2048, -18.4649, 560.35, 119, 5.5, 0.745, 17:53, oTGF101128617
tTGF101205250, 313221578.144020, 2010-12-05, 05:59:36.144020, 141.9514, -11.8701, 561.08, 116, 5.9, 0.651, 15:37, oTGF101205250
tTGF101206347, 313316378.018606, 2010-12-06, 08:19:36.018606, 295.1564, +4.4075, 538.66, 119, 4.7, 0.173, 04:09, oTGF101206347
tTGF101208234, 313479421.786532, 2010-12-08, 05:36:59.786532, 129.3562, -9.8004, 558.37, 43, 9.4, 0.599, 14:23, oTGF101208234
tTGF101213283, 313915633.032952, 2010-12-13, 06:47:11.032952, 123.4371, +13.3607, 555.11, 116, 6.5, 0.630, 15:07, oTGF101213283
tTGF101217050, 314241125.114396, 2010-12-17, 01:12:03.114396, 119.9615, -12.8723, 543.22, 118, 5.6, 0.386, 09:16, oTGF101217050
tTGF101219539, 314456168.374722, 2010-12-19, 12:56:06.374722, 118.8479, +6.7423, 557.52, 116, 6.9, 0.871, 20:54, oTGF101219539
tTGF101226778, 315081646.401540, 2010-12-26, 18:40:44.401540, 43.0911, -20.8143, 563.95, 119, 7.5, 0.898, 21:32, oTGF101226778
tTGF101230452, 315399040.150104, 2010-12-30, 10:50:38.150104, 280.6814, +9.6388, 544.66, 117, 4.8, 0.230, 05:31, oTGF101230452
tTGF101230684, 315419107.703988, 2010-12-30, 16:25:05.703988, 16.7848, -10.2993, 554.28, 116, 7.1, 0.729, 17:30, oTGF101230684
tTGF101231632, 315501008.020098, 2010-12-31, 15:10:06.020098, 140.3371, -19.0365, 562.35, 119, 5.7, 0.020, 00:28, oTGF101231632
tTGF110101344, 315562532.245794, 2011-01-01, 08:15:30.245794, 139.7487, -15.6547, 554.72, 119, 5.3, 0.730, 17:31, oTGF110101344
tTGF110105512, 315922657.818588, 2011-01-05, 12:17:35.818588, 4.1067, +3.5526, 538.86, 119, 5.8, 0.520, 12:29, oTGF110105512
tTGF110110709, 316371632.177064, 2011-01-10, 17:00:30.177064, 33.0952, -19.6163, 553.61, 116, 5.6, 0.795, 19:05, oTGF110110709
tTGF110112416, 316519106.994478, 2011-01-12, 09:58:24.994478, 28.2083, -15.5422, 543.40, 116, 7.0, 0.488, 11:43, oTGF110112416
tTGF110119456, 317127379.294700, 2011-01-19, 10:56:17.294700, 33.4230, -24.4768, 547.45, 117, 5.3, 0.541, 12:59, oTGF110119456
tTGF110123577, 317483416.718352, 2011-01-23, 13:50:14.718352, 14.5837, -6.7808, 541.19, 119, 5.0, 0.609, 14:37, oTGF110123577
tTGF110125162, 317620365.267658, 2011-01-25, 03:52:43.267658, 120.2731, -19.0130, 550.99, 119, 5.9, 0.487, 11:42, oTGF110125162
tTGF110202888, 318374312.889486, 2011-02-02, 21:18:30.889486, 14.5227, +1.1944, 542.42, 119, 6.1, 0.919, 22:03, oTGF110202888
tTGF110212898, 319239172.730208, 2011-02-12, 21:32:50.730208, 290.0912, +2.7820, 544.67, 119, 5.7, 0.694, 16:39, oTGF110212898
tTGF110218834, 319752056.140782, 2011-02-18, 20:00:54.140782, 100.7533, +3.7375, 543.21, 119, 5.9, 0.104, 02:30, oTGF110218834
tTGF110222468, 320066074.944664, 2011-02-22, 11:14:32.944664, 143.8925, -20.9383, 547.33, 119, 4.6, 0.859, 20:37, oTGF110222468
tTGF110309228, 321341298.094750, 2011-03-09, 05:28:16.094750, 343.2363, +2.8220, 538.86, 116, 8.1, 0.174, 04:11, oTGF110309228
tTGF110310755, 321473214.848388, 2011-03-10, 18:06:52.848388, 151.8146, -2.0005, 539.19, 118, 8.7, 0.169, 04:04, oTGF110310755
tTGF110312176, 321596039.821842, 2011-03-12, 04:13:57.821842, 150.6601, -6.7730, 558.46, 118, 7.3, 0.588, 14:07, oTGF110312176
tTGF110315661, 321897111.205924, 2011-03-15, 15:51:49.205924, 149.8520, -3.0339, 542.42, 116, 9.0, 0.071, 01:42, oTGF110315661
tTGF110315738, 321903757.498244, 2011-03-15, 17:42:35.498244, 177.7471, -23.1390, 544.78, 116, 5.4, 0.225, 05:25, oTGF110315738a
tTGF110326802, 322859724.332296, 2011-03-26, 19:15:22.332296, 33.3203, -12.2485, 559.97, 119, 5.8, 0.891, 21:23, oTGF110326802
tTGF110405618, 323707792.629704, 2011-04-05, 14:49:50.629704, 47.0806, -20.2804, 558.34, 116, 8.1, 0.747, 17:55, oTGF110405618
tTGF110405773, 323721225.477462, 2011-04-05, 18:33:43.477462, 116.9687, -1.2688, 553.52, 117, 5.5, 0.096, 02:19, oTGF110405773
tTGF110410216, 324105023.043518, 2011-04-10, 05:10:21.043518, 286.3724, +0.1468, 558.08, 43, 13.2, 0.010, 00:14, oTGF110410216
tTGF110501663, 325958080.739458, 2011-05-01, 15:54:38.739458, 152.0023, -6.0376, 556.93, 117, 5.7, 0.087, 02:06, oTGF110501663
tTGF110503751, 326138459.084820, 2011-05-03, 18:00:57.084820, 281.9812, +4.9441, 543.83, 117, 5.1, 0.536, 12:52, oTGF110503751
tTGF110507128, 326430292.662854, 2011-05-07, 03:04:50.662854, 104.9749, -2.2198, 553.70, 116, 6.4, 0.422, 10:08, oTGF110507128
tTGF110512178, 326866611.060306, 2011-05-12, 04:16:49.060306, 110.2300, +22.1243, 551.64, 118, 5.1, 0.487, 11:41, oTGF110512178
tTGF110512961, 326934269.133668, 2011-05-12, 23:04:27.133668, 118.4293, -2.9514, 558.41, 116, 7.2, 0.293, 07:02, oTGF110512961
tTGF110514816, 327094492.040012, 2011-05-14, 19:34:50.040012, 148.4488, -6.7183, 557.06, 117, 5.1, 0.231, 05:32, oTGF110514816
tTGF110516304, 327223029.849074, 2011-05-16, 07:17:07.849074, 121.9749, +14.8798, 545.29, 118, 5.1, 0.645, 15:29, oTGF110516304
tTGF110521783, 327696430.034186, 2011-05-21, 18:47:08.034186, 139.1839, +8.6986, 548.48, 119, 8.2, 0.172, 04:07, oTGF110521783
tTGF110522841, 327787887.467618, 2011-05-22, 20:11:25.467618, 99.6246, +3.9637, 544.97, 118, 5.8, 0.120, 02:53, oTGF110522841
tTGF110601852, 328652810.235090, 2011-06-01, 20:26:48.235090, 24.1804, +6.7488, 539.63, 116, 6.6, 0.921, 22:06, oTGF110601852
tTGF110606097, 329019601.742110, 2011-06-06, 02:19:59.742110, 277.5382, +13.0371, 543.83, 119, 7.3, 0.869, 20:52, oTGF110606097
tTGF110616305, 329901555.041996, 2011-06-16, 07:19:13.041996, 121.6958, +12.1812, 556.93, 43, 12.8, 0.643, 15:25, oTGF110616305
tTGF110617920, 330041115.105050, 2011-06-17, 22:05:13.105050, 24.2638, +7.9884, 544.79, 119, 5.2, 0.987, 23:41, oTGF110617920
tTGF110619780, 330201782.192432, 2011-06-19, 18:43:00.192432, 77.8749, -0.2435, 545.89, 116, 8.0, 0.995, 23:53, oTGF110619780
tTGF110625403, 330687597.395754, 2011-06-25, 09:39:55.395754, 110.3702, +22.5472, 556.81, 119, 12.3, 0.708, 16:59, oTGF110625403
tTGF110625474, 330693748.487084, 2011-06-25, 11:22:26.487084, 111.0007, +14.5571, 557.06, 1, 10.7, 0.780, 18:44, oTGF110625474
tTGF110701642, 331226669.154832, 2011-07-01, 15:24:27.154832, 20.2800, +7.1594, 553.96, 119, 7.4, 0.696, 16:42, oTGF110701642a
tTGF110706387, 331636630.583934, 2011-07-06, 09:17:08.583934, 281.8710, +5.4030, 544.93, 119, 5.1, 0.167, 04:00, oTGF110706387a
tTGF110709173, 331877332.200438, 2011-07-09, 04:08:50.200438, 346.7464, +9.6454, 548.37, 117, 4.9, 0.132, 03:11, oTGF110709173
tTGF110709981, 331947163.547910, 2011-07-09, 23:32:41.547910, 121.4389, +25.6327, 540.09, 116, 7.0, 0.315, 07:33, oTGF110709981
tTGF110714279, 332318522.796000, 2011-07-14, 06:42:00.796000, 281.0494, +14.6026, 555.01, 119, 5.6, 0.056, 01:20, oTGF110714279
tTGF110719400, 332760990.547400, 2011-07-19, 09:36:28.547400, 296.5497, +19.7264, 550.36, 116, 6.3, 0.220, 05:16, oTGF110719400
tTGF110724020, 333160111.610508, 2011-07-24, 00:28:29.610508, 281.9473, +7.4818, 547.18, 116, 8.2, 0.798, 19:10, oTGF110724020
tTGF110801661, 333906747.658172, 2011-08-01, 15:52:25.658172, 121.3050, +12.3231, 552.35, 119, 5.1, 0.994, 23:51, oTGF110801661
tTGF110807091, 334375867.604852, 2011-08-07, 02:11:05.604852, 253.3580, +22.3238, 538.94, 119, 6.0, 0.791, 18:59, oTGF110807091
tTGF110814104, 334981762.220268, 2011-08-14, 02:29:20.220268, 115.1609, +17.9628, 552.91, 118, 5.9, 0.420, 10:05, oTGF110814104
tTGF110814918, 335052160.004632, 2011-08-14, 22:02:38.004632, 286.3212, +12.3767, 538.72, 119, 4.9, 0.711, 17:03, oTGF110814918
tTGF110818474, 335359364.835464, 2011-08-18, 11:22:42.835464, 285.3427, +9.1275, 556.51, 116, 7.6, 0.264, 06:20, oTGF110818474
tTGF110818631, 335372947.877512, 2011-08-18, 15:09:05.877512, 5.3782, +10.5431, 543.58, 1, 7.6, 0.644, 15:27, oTGF110818631
tTGF110819727, 335467610.548074, 2011-08-19, 17:26:48.548074, 152.3342, -6.1229, 552.55, 119, 6.9, 0.148, 03:33, oTGF110819727
tTGF110828435, 336219984.537618, 2011-08-28, 10:26:22.537618, 325.9018, +21.9755, 555.59, 43, 11.5, 0.339, 08:09, oTGF110828435
tTGF110906455, 336999319.500940, 2011-09-06, 10:55:17.500940, 278.4565, +12.4576, 543.90, 50, 8.6, 0.230, 05:31, oTGF110906455
tTGF110906986, 337045210.131620, 2011-09-06, 23:40:08.131620, 87.5856, +10.6019, 543.78, 119, 4.9, 0.231, 05:32, oTGF110906986
tTGF110907452, 337085434.552838, 2011-09-07, 10:50:32.552838, 284.2967, +7.0935, 544.42, 43, 8.2, 0.243, 05:50, oTGF110907452
tTGF110912398, 337512776.266626, 2011-09-12, 09:32:54.266626, 124.4765, +11.0821, 551.97, 116, 7.4, 0.746, 17:54, oTGF110912398
tTGF110913740, 337628771.313258, 2011-09-13, 17:46:09.313258, 87.2782, +22.4678, 540.52, 117, 7.1, 0.986, 23:39, oTGF110913740
tTGF110918187, 338012999.127804, 2011-09-18, 04:29:57.127804, 285.0577, +12.0099, 542.44, 119, 8.0, 0.983, 23:36, oTGF110918187
tTGF110924559, 338563468.092308, 2011-09-24, 13:24:26.092308, 142.0840, -6.4964, 549.20, 119, 7.8, 0.959, 23:01, oTGF110924559
tTGF110928568, 338909848.434518, 2011-09-28, 13:37:26.434518, 282.9511, +4.1972, 539.62, 116, 7.0, 0.360, 08:39, oTGF110928568
tTGF110928729, 338923787.311454, 2011-09-28, 17:29:45.311454, 22.1156, +6.0832, 556.85, 119, 7.6, 0.797, 19:08, oTGF110928729
tTGF110929614, 339000263.651098, 2011-09-29, 14:44:21.651098, 184.8931, -23.5380, 547.72, 119, 5.0, 0.134, 03:14, oTGF110929614
tTGF111004631, 339433746.623324, 2011-10-04, 15:09:04.623324, 27.9037, -1.6508, 555.80, 119, 5.6, 0.717, 17:12, oTGF111004631
tTGF111020367, 340793302.653424, 2011-10-20, 08:48:20.653424, 152.5292, -11.7156, 553.41, 116, 7.5, 0.801, 19:14, oTGF111020367
tTGF111023352, 341051173.124488, 2011-10-23, 08:26:11.124488, 145.5867, -7.0503, 548.40, 119, 9.2, 0.767, 18:24, oTGF111023352
tTGF111024345, 341137002.179952, 2011-10-24, 08:16:40.179952, 136.4250, -8.7824, 546.20, 119, 5.6, 0.735, 17:38, oTGF111024345
tTGF111025406, 341228675.689542, 2011-10-25, 09:44:33.689542, 109.2327, -7.4315, 544.49, 117, 5.2, 0.720, 17:17, oTGF111025406
tTGF111027331, 341394987.584848, 2011-10-27, 07:56:25.584848, 135.5586, -0.7434, 542.21, 1, 8.0, 0.719, 17:15, oTGF111027331
tTGF111027597, 341417972.668200, 2011-10-27, 14:19:30.668200, 42.2632, +1.4352, 542.29, 116, 9.2, 0.725, 17:25, oTGF111027597
tTGF111027761, 341432159.855050, 2011-10-27, 18:15:57.855050, 154.4571, +2.1237, 553.68, 43, 11.2, 0.201, 04:50, NULL
tTGF111031274, 341735681.662664, 2011-10-31, 06:34:39.662664, 304.3568, +1.2586, 556.90, 116, 6.5, 0.131, 03:08, oTGF111031274
tTGF111106412, 342266016.911766, 2011-11-06, 09:53:34.911766, 65.5600, +15.7268, 537.42, 118, 6.1, 0.606, 14:32, oTGF111106412
tTGF111112800, 342817915.427634, 2011-11-12, 19:11:53.427634, 18.0671, +1.2364, 540.43, 119, 7.7, 0.861, 20:40, oTGF111112800
tTGF111119856, 343427526.318536, 2011-11-19, 20:32:04.318536, 111.9655, -6.6960, 554.81, 117, 6.2, 0.177, 04:15, oTGF111119856
tTGF111121424, 343563073.097616, 2011-11-21, 10:11:11.097616, 132.8076, -18.4247, 541.82, 116, 7.4, 0.803, 19:17, oTGF111121424
tTGF111121780, 343593796.147446, 2011-11-21, 18:43:14.147446, 136.8613, -0.7395, 552.55, 119, 6.4, 0.170, 04:05, oTGF111121780
tTGF111122706, 343673836.796350, 2011-11-22, 16:57:14.796350, 149.3524, -4.0256, 550.36, 116, 5.9, 0.131, 03:09, oTGF111122706
tTGF111123275, 343723004.873534, 2011-11-23, 06:36:42.873534, 148.4042, -9.3446, 542.60, 119, 4.9, 0.697, 16:44, oTGF111123275
tTGF111126190, 343974823.671530, 2011-11-26, 04:33:41.671530, 149.9192, -6.2893, 548.18, 118, 6.6, 0.615, 14:46, oTGF111126190
tTGF111126681, 344017238.108494, 2011-11-26, 16:20:36.108494, 119.4158, -7.9423, 542.48, 119, 6.4, 0.022, 00:31, oTGF111126681
tTGF111126752, 344023359.790764, 2011-11-26, 18:02:37.790764, 115.9427, +2.7874, 544.17, 118, 5.4, 0.083, 01:59, oTGF111126752b
tTGF111130501, 344347249.157952, 2011-11-30, 12:00:47.157952, 19.6250, -12.7503, 555.18, 119, 4.9, 0.563, 13:31, oTGF111130501
tTGF111201690, 344449977.444196, 2011-12-01, 16:32:55.444196, 283.0934, -4.1464, 556.73, 119, 8.3, 0.484, 11:36, NULL
tTGF111207484, 344950579.014280, 2011-12-07, 11:36:17.014280, 110.1312, -6.5135, 544.76, 116, 5.9, 0.795, 19:05, oTGF111207484
tTGF111209613, 345134562.181738, 2011-12-09, 14:42:40.181738, 91.2221, +13.7119, 539.23, 117, 5.9, 0.872, 20:55, oTGF111209613
tTGF111210260, 345190477.146052, 2011-12-10, 06:14:35.146052, 134.5548, -19.7460, 558.85, 116, 7.5, 0.639, 15:20, oTGF111210260
tTGF111210978, 345252526.406642, 2011-12-10, 23:28:44.406642, 167.3152, -24.1376, 561.79, 117, 4.6, 0.448, 10:45, oTGF111210978
tTGF111212461, 345380611.105604, 2011-12-12, 11:03:29.105604, 115.2578, +10.0978, 545.53, 119, 6.1, 0.785, 18:51, oTGF111212461
tTGF120110812, 347916566.059716, 2012-01-10, 19:29:24.059716, 101.6757, +0.9726, 545.86, 118, 8.0, 0.089, 02:09, oTGF120110812
tTGF120113235, 348125894.607554, 2012-01-13, 05:38:12.607554, 131.8376, -10.7223, 548.39, 43, 9.4, 0.595, 14:17, oTGF120113235b
tTGF120114380, 348224840.395516, 2012-01-14, 09:07:18.395516, 177.3322, -20.3676, 561.21, 119, 6.9, 0.867, 20:48, oTGF120114380
tTGF120114495, 348234762.599366, 2012-01-14, 11:52:40.599366, 33.8125, -12.9428, 547.68, 119, 6.3, 0.583, 13:59, oTGF120114495
tTGF120114563, 348240686.610140, 2012-01-14, 13:31:24.610140, 20.7012, -17.4169, 551.04, 119, 5.8, 0.615, 14:45, oTGF120114563
tTGF120117499, 348494300.826066, 2012-01-17, 11:58:18.826066, 133.9178, -12.3059, 558.45, 119, 5.2, 0.864, 20:44, oTGF120117499
tTGF120122331, 348911838.178282, 2012-01-22, 07:57:16.178282, 132.5568, -20.6074, 550.87, 119, 8.1, 0.692, 16:36, oTGF120122331
tTGF120213931, 350864460.988330, 2012-02-13, 22:20:58.988330, 127.1229, -11.7581, 556.95, 119, 6.0, 0.274, 06:35, oTGF120213931
tTGF120222724, 351624119.794256, 2012-02-22, 17:21:57.794256, 19.1204, -17.0727, 540.81, 117, 5.0, 0.767, 18:25, oTGF120222724a
tTGF120223380, 351680798.661502, 2012-02-23, 09:06:36.661502, 104.2645, -2.9272, 539.65, 119, 5.3, 0.660, 15:50, oTGF120223380
tTGF120226231, 351927191.697470, 2012-02-26, 05:33:09.697470, 148.5772, -8.9684, 543.21, 118, 7.2, 0.635, 15:14, oTGF120226231a
tTGF120227627, 352047736.220108, 2012-02-27, 15:02:14.220108, 14.9076, -16.6991, 544.95, 119, 6.7, 0.659, 15:49, oTGF120227627
tTGF120307586, 352821845.055324, 2012-03-07, 14:04:03.055324, 45.6130, -21.8158, 550.17, 119, 5.3, 0.705, 16:56, oTGF120307586
tTGF120308186, 352873659.646936, 2012-03-08, 04:27:37.646936, 203.6836, -16.3485, 546.23, 119, 5.9, 0.744, 17:52, oTGF120308186b
tTGF120311143, 353129196.522534, 2012-03-11, 03:26:34.522534, 62.2820, -4.2056, 552.82, 118, 6.0, 0.310, 07:26, oTGF120311143
tTGF120312139, 353215189.591620, 2012-03-12, 03:19:47.591620, 63.3700, -7.5083, 552.99, 119, 5.3, 0.308, 07:24, oTGF120312139
tTGF120329894, 354749214.562424, 2012-03-29, 21:26:52.562424, 5.3665, -3.3131, 546.47, 43, 8.4, 0.905, 21:44, oTGF120329894
tTGF120330894, 354835612.154094, 2012-03-30, 21:26:50.154094, 28.8741, -16.5364, 546.15, 119, 5.7, 0.971, 23:18, oTGF120330894a
tTGF120407872, 355524906.004212, 2012-04-07, 20:55:04.004212, 124.8888, +3.8726, 536.06, 116, 5.8, 0.217, 05:13, oTGF120407872
tTGF120410553, 355756553.817444, 2012-04-10, 13:15:51.817444, 27.8935, +1.3838, 551.90, 117, 6.1, 0.629, 15:06, oTGF120410553
tTGF120422444, 356783922.013094, 2012-04-22, 10:38:40.013094, 144.2840, -6.4901, 556.28, 119, 6.5, 0.845, 20:17, oTGF120422444
tTGF120425260, 357027240.736900, 2012-04-25, 06:13:58.736900, 10.2532, +5.7597, 539.43, 119, 7.7, 0.290, 06:57, oTGF120425260
tTGF120428015, 357265309.784616, 2012-04-28, 00:21:47.784616, 285.8967, +7.9473, 551.36, 119, 5.1, 0.811, 19:28, oTGF120428015
tTGF120430163, 357450897.768662, 2012-04-30, 03:54:55.768662, 9.8786, +4.4681, 547.98, 119, 6.3, 0.193, 04:37, oTGF120430163
tTGF120430757, 357502249.542076, 2012-04-30, 18:10:47.542076, 141.6719, +8.9189, 550.30, 119, 5.1, 0.153, 03:40, oTGF120430757
tTGF120510198, 358317941.454254, 2012-05-10, 04:45:39.454254, 88.0543, -9.7859, 542.02, 119, 5.7, 0.445, 10:41, oTGF120510198
tTGF120514875, 358721972.730998, 2012-05-14, 20:59:30.730998, 15.5173, -2.9533, 548.66, 119, 5.6, 0.920, 22:05, oTGF120514875
tTGF120520437, 359202555.787628, 2012-05-20, 10:29:13.787628, 115.5538, +3.9885, 536.51, 118, 6.1, 0.760, 18:15, oTGF120520437
tTGF120522887, 359414258.113814, 2012-05-22, 21:17:36.113814, 289.0836, +6.5028, 535.72, 116, 6.5, 0.693, 16:37, oTGF120522887
tTGF120524451, 359549331.499030, 2012-05-24, 10:48:49.499030, 285.7953, +8.4043, 554.62, 119, 8.0, 0.247, 05:55, oTGF120524451
tTGF120525445, 359635229.787556, 2012-05-25, 10:40:27.787556, 282.2995, +9.3436, 554.62, 119, 4.6, 0.231, 05:33, oTGF120525445
tTGF120526439, 359721158.857650, 2012-05-26, 10:32:36.857650, 280.4957, +11.0433, 554.45, 116, 7.2, 0.220, 05:18, oTGF120526439
tTGF120527824, 359840821.576970, 2012-05-27, 19:46:59.576970, 100.0584, -3.4021, 551.14, 119, 7.8, 0.104, 02:30, oTGF120527824
tTGF120530347, 360058753.439438, 2012-05-30, 08:19:11.439438, 276.1692, +7.8143, 549.43, 119, 5.4, 0.115, 02:46, oTGF120530347a
tTGF120602615, 360341114.788120, 2012-06-02, 14:45:12.788120, 277.1069, +17.3402, 553.95, 116, 7.4, 0.386, 09:16, oTGF120602615
tTGF120604082, 360467889.305290, 2012-06-04, 01:58:07.305290, 146.7327, -4.1305, 552.00, 50, 8.0, 0.491, 11:47, oTGF120604082
tTGF120605312, 360574189.618932, 2012-06-05, 07:29:47.618932, 258.1317, +14.4719, 540.89, 117, 4.6, 0.030, 00:44, oTGF120605312
tTGF120605851, 360620700.860346, 2012-06-05, 20:24:58.860346, 107.1175, +25.2735, 547.93, 119, 6.9, 0.149, 03:35, oTGF120605851
tTGF120611732, 361128863.287652, 2012-06-11, 17:34:21.287652, 24.6184, -0.0459, 538.79, 119, 5.0, 0.801, 19:13, oTGF120611732a
tTGF120623258, 362124709.047834, 2012-06-23, 06:11:47.047834, 98.9101, -3.5118, 555.84, 119, 5.0, 0.531, 12:45, oTGF120623258
tTGF120628127, 362545351.567866, 2012-06-28, 03:02:29.567866, 284.6633, +5.3869, 540.82, 43, 10.3, 0.915, 21:58, oTGF120628127
tTGF120630434, 362744668.555812, 2012-06-30, 10:24:26.555812, 92.3458, +25.0306, 554.17, 43, 8.8, 0.688, 16:30, oTGF120630434
tTGF120704951, 363134960.038612, 2012-07-04, 22:49:17.038612, 297.7267, +4.2001, 552.47, 116, 6.5, 0.775, 18:36, oTGF120704951
tTGF120708662, 363455589.343726, 2012-07-08, 15:53:06.343726, 18.3540, +1.6674, 555.02, 119, 4.9, 0.709, 17:01, oTGF120708662
tTGF120708971, 363482276.975678, 2012-07-08, 23:17:53.975678, 140.1188, +20.7507, 539.77, 116, 7.7, 0.356, 08:33, oTGF120708971
tTGF120723882, 364770566.975562, 2012-07-23, 21:09:23.975562, 85.8548, +25.3657, 544.53, 50, 9.8, 0.115, 02:46, oTGF120723882
tTGF120727939, 365121146.183452, 2012-07-27, 22:32:23.183452, 125.3897, +3.4120, 537.83, 50, 8.7, 0.283, 06:47, oTGF120727939
tTGF120728461, 365166261.896678, 2012-07-28, 11:04:18.896678, 253.0361, +19.4794, 544.65, 118, 6.0, 0.160, 03:50, oTGF120728461
tTGF120803689, 365704354.851962, 2012-08-03, 16:32:31.851962, 126.8541, +18.2578, 553.55, 116, 7.8, 0.037, 00:54, oTGF120803689
tTGF120808908, 366155231.746064, 2012-08-08, 21:47:08.746064, 280.7216, +20.1623, 540.22, 119, 5.6, 0.684, 16:25, oTGF120808908
tTGF120809447, 366201836.723790, 2012-08-09, 10:43:53.723790, 138.0513, +24.9360, 547.83, 116, 6.4, 0.827, 19:51, oTGF120809447
tTGF120818925, 367020748.616018, 2012-08-18, 22:12:25.616018, 281.3549, +19.1565, 535.88, 119, 5.5, 0.704, 16:54, oTGF120818925
tTGF120818995, 367026782.902530, 2012-08-18, 23:52:59.902530, 274.7816, +12.3202, 537.42, 116, 7.3, 0.756, 18:08, oTGF120818995
tTGF120821387, 367233440.406222, 2012-08-21, 09:17:17.406222, 150.1626, -3.8673, 540.28, 117, 5.4, 0.802, 19:15, oTGF120821387
tTGF120822711, 367347798.928878, 2012-08-22, 17:03:15.928878, 16.9726, -0.7634, 537.35, 119, 4.7, 0.756, 18:08, oTGF120822711
tTGF120823943, 367454239.838208, 2012-08-23, 22:37:16.838208, 135.9117, +14.9327, 550.04, 116, 6.4, 0.318, 07:39, oTGF120823943
tTGF120827282, 367742756.036940, 2012-08-27, 06:45:53.036940, 137.6330, -1.5553, 536.40, 118, 5.2, 0.663, 15:55, oTGF120827282
tTGF120830762, 368043421.569324, 2012-08-30, 18:16:58.569324, 128.2826, +6.4502, 550.99, 43, 9.3, 0.118, 02:50, oTGF120830762
tTGF120902703, 368297534.814690, 2012-09-02, 16:52:11.814690, 273.3354, +9.2534, 548.85, 119, 5.3, 0.463, 11:06, oTGF120902703
tTGF120908579, 368805191.373050, 2012-09-08, 13:53:08.373050, 159.2575, +19.3265, 540.35, 119, 5.1, 0.023, 00:33, oTGF120908579
tTGF120911417, 369050421.069602, 2012-09-11, 10:00:18.069602, 143.6672, -2.3302, 536.58, 119, 7.0, 0.818, 19:38, oTGF120911417
tTGF120913078, 369193967.134688, 2012-09-13, 01:52:44.134688, 279.2085, +10.0527, 534.96, 119, 5.5, 0.857, 20:34, oTGF120913078a
tTGF120920825, 369863241.215032, 2012-09-20, 19:47:18.215032, 290.1391, +0.6566, 550.27, 119, 4.6, 0.635, 15:15, oTGF120920825
tTGF120925954, 370306467.426794, 2012-09-25, 22:54:24.426794, 5.1410, +8.0401, 535.45, 119, 7.7, 0.975, 23:24, oTGF120925954
tTGF120930986, 370741175.052988, 2012-09-30, 23:39:32.052988, 299.7433, +14.4190, 545.15, 117, 6.6, 0.826, 19:49, oTGF120930986
tTGF121001844, 370815313.267318, 2012-10-01, 20:15:10.267318, 327.8644, +19.8720, 549.55, 50, 10.1, 0.762, 18:17, oTGF121001844
tTGF121008333, 371375989.911458, 2012-10-08, 07:59:46.911458, 89.3890, +22.8423, 552.92, 117, 5.3, 0.590, 14:10, oTGF121008333
tTGF121008872, 371422503.160196, 2012-10-08, 20:55:00.160196, 296.3384, +7.4929, 553.65, 117, 4.4, 0.703, 16:53, oTGF121008872
tTGF121010862, 371594472.294600, 2012-10-10, 20:41:09.294600, 300.2129, +0.0062, 554.57, 116, 5.8, 0.705, 16:55, NULL
tTGF121011427, 371643289.862920, 2012-10-11, 10:14:46.862920, 282.1232, +4.6368, 534.92, 119, 5.4, 0.220, 05:17, oTGF121011427
tTGF121012241, 371713636.933050, 2012-10-12, 05:47:13.933050, 91.4222, +23.0243, 547.04, 118, 7.0, 0.504, 12:06, oTGF121012241
tTGF121012817, 371763359.153636, 2012-10-12, 19:35:56.153636, 124.4765, +1.4712, 535.30, 116, 8.2, 0.172, 04:08, oTGF121012817
tTGF121015732, 372015242.421126, 2012-10-15, 17:33:59.421126, 136.3154, +3.3347, 537.30, 43, 23.4, 0.121, 02:54, oTGF121015732
tTGF121015868, 372027002.183790, 2012-10-15, 20:49:59.183790, 104.4408, +11.5758, 535.13, 118, 5.2, 0.168, 04:02, oTGF121015868b
tTGF121017715, 372186553.376516, 2012-10-17, 17:09:10.376516, 105.5550, -6.9832, 546.00, 119, 6.8, 0.018, 00:26, oTGF121017715
tTGF121021959, 372553267.421370, 2012-10-21, 23:01:04.421370, 10.1012, +5.0906, 547.53, 116, 7.0, 0.998, 23:57, oTGF121021959
tTGF121023222, 372662373.946762, 2012-10-23, 05:19:30.946762, 287.4947, +14.4820, 545.82, 117, 5.1, 0.031, 00:45, oTGF121023222
tTGF121023616, 372696408.534570, 2012-10-23, 14:46:45.534570, 124.8176, +6.9268, 549.42, 116, 5.8, 0.973, 23:22, oTGF121023616
tTGF121028243, 373096180.535070, 2012-10-28, 05:49:37.535070, 175.7809, -14.6163, 554.18, 116, 5.8, 0.742, 17:49, oTGF121028243
tTGF121031293, 373359708.976104, 2012-10-31, 07:01:45.976104, 150.6867, -7.6582, 549.87, 116, 9.0, 0.723, 17:21, oTGF121031293
tTGF121101287, 373445596.503838, 2012-11-01, 06:53:13.503838, 147.7810, -6.4356, 548.24, 117, 6.1, 0.709, 17:01, oTGF121101287
tTGF121103428, 373630554.165284, 2012-11-03, 10:15:51.165284, 195.1777, +25.2204, 553.47, 119, 5.7, 0.981, 23:33, oTGF121103428
tTGF121104065, 373685609.331690, 2012-11-04, 01:33:26.331690, 186.0139, -14.9244, 541.93, 116, 8.2, 0.593, 14:14, oTGF121104065
tTGF121106283, 373877246.203184, 2012-11-06, 06:47:23.203184, 265.7046, +16.5777, 552.66, 119, 5.9, 0.032, 00:47, oTGF121106283
tTGF121112183, 374386986.566812, 2012-11-12, 04:23:03.566812, 281.1870, +6.2320, 552.90, 117, 6.0, 0.975, 23:24, oTGF121112183
tTGF121114355, 374574633.593256, 2012-11-14, 08:30:30.593256, 125.6479, +25.6598, 539.50, 43, 21.2, 0.714, 17:09, oTGF121114355
tTGF121117753, 374868277.103210, 2012-11-17, 18:04:34.103210, 66.4928, -9.6665, 552.88, 117, 4.8, 0.948, 22:45, oTGF121117753
tTGF121122809, 375305113.060950, 2012-11-22, 19:25:10.060950, 132.7183, -14.9766, 557.02, 119, 7.4, 0.187, 04:30, oTGF121122809a
tTGF121123712, 375383138.685012, 2012-11-23, 17:05:35.685012, 25.4960, -5.3284, 539.78, 116, 7.1, 0.792, 19:01, oTGF121123712b
tTGF121125700, 375554840.083066, 2012-11-25, 16:47:17.083066, 16.1905, -6.0296, 537.52, 117, 5.0, 0.753, 18:05, oTGF121125700
tTGF121125826, 375565753.966912, 2012-11-25, 19:49:10.966912, 299.3560, +8.3592, 534.11, 116, 6.8, 0.666, 15:59, oTGF121125826
tTGF121129774, 375906869.731876, 2012-11-29, 18:34:26.731876, 143.3814, +8.5460, 552.92, 118, 6.2, 0.180, 04:19, oTGF121129774
tTGF121130532, 375972406.724700, 2012-11-30, 12:46:43.724700, 28.9373, -1.2680, 536.73, 118, 7.5, 0.621, 14:54, oTGF121130532a
tTGF121201261, 376035366.104858, 2012-12-01, 06:16:03.104858, 121.6660, -1.5985, 537.44, 119, 5.9, 0.607, 14:34, oTGF121201261
tTGF121202520, 376144172.140450, 2012-12-02, 12:29:29.140450, 23.0826, -3.7627, 539.05, 118, 7.9, 0.592, 14:12, oTGF121202520c
tTGF121206588, 376495632.574450, 2012-12-06, 14:07:09.574450, 120.5941, -8.8491, 540.33, 116, 5.7, 0.929, 22:18, oTGF121206588
tTGF121207514, 376575612.104822, 2012-12-07, 12:20:09.104822, 132.2823, -12.2466, 539.02, 43, 8.0, 0.887, 21:18, oTGF121207514
tTGF121207917, 376610408.428654, 2012-12-07, 22:00:05.428654, 10.8309, -0.0318, 539.41, 119, 6.1, 0.952, 22:52, oTGF121207917
tTGF121210138, 376802336.893996, 2012-12-10, 03:18:53.893996, 106.8289, -6.1038, 551.88, 117, 5.5, 0.440, 10:33, oTGF121210138
tTGF121211289, 376901732.031396, 2012-12-11, 06:55:29.031396, 180.7718, -13.6399, 538.01, 1, 8.7, 0.795, 19:05, oTGF121211289
tTGF121212349, 376993374.605708, 2012-12-12, 08:22:51.605708, 155.7372, -11.5983, 537.79, 119, 8.1, 0.786, 18:52, oTGF121212349
tTGF121214906, 377214252.383692, 2012-12-14, 21:44:09.383692, 148.3437, -3.6105, 554.12, 116, 5.9, 0.321, 07:42, oTGF121214906
tTGF121224612, 378052918.480146, 2012-12-24, 14:41:55.480146, 18.8106, +12.5783, 545.57, 43, 37.7, 0.665, 15:57, oTGF121224612
tTGF121225701, 378146983.530394, 2012-12-25, 16:49:40.530394, 138.3444, -3.6368, 537.71, 117, 5.2, 0.085, 02:03, oTGF121225701
tTGF121227687, 378318563.429730, 2012-12-27, 16:29:20.429730, 123.0262, -1.2576, 535.11, 119, 5.5, 0.028, 00:40, oTGF121227687
tTGF130112722, 379703978.422484, 2013-01-12, 17:19:35.422484, 24.2188, -17.4649, 554.42, 117, 4.9, 0.783, 18:48, oTGF130112722
tTGF130113076, 379734529.063006, 2013-01-13, 01:48:46.063006, 20.5100, -6.1211, 535.94, 119, 5.5, 0.127, 03:02, oTGF130113076
tTGF130117643, 380129165.288980, 2013-01-17, 15:26:02.288980, 129.7859, -11.0664, 544.02, 1, 12.1, 0.997, 23:55, oTGF130117643
tTGF130123444, 380630333.509010, 2013-01-23, 10:38:50.509010, 5.0879, -2.1409, 540.99, 116, 7.3, 0.450, 10:47, oTGF130123444a
tTGF130124463, 380718439.401370, 2013-01-24, 11:07:16.401370, 136.0320, -13.4302, 555.96, 43, 9.3, 0.833, 19:59, oTGF130124463b
tTGF130131559, 381331529.616138, 2013-01-31, 13:25:26.616138, 94.7420, +8.6958, 552.61, 116, 5.5, 0.813, 19:31, oTGF130131559
tTGF130202274, 381479688.242786, 2013-02-02, 06:34:45.242786, 149.2445, -7.7692, 549.20, 119, 8.7, 0.679, 16:18, oTGF130202274
tTGF130204258, 381651134.300252, 2013-02-04, 06:12:11.300252, 127.0403, -13.1239, 544.64, 119, 5.4, 0.602, 14:26, oTGF130204258
tTGF130206086, 381809003.455172, 2013-02-06, 02:03:20.455172, 24.7003, -0.3255, 544.42, 117, 4.7, 0.145, 03:28, oTGF130206086
tTGF130210754, 382212324.226690, 2013-02-10, 18:05:21.226690, 283.9200, -1.6511, 535.99, 117, 5.1, 0.533, 12:47, oTGF130210754
tTGF130211721, 382295924.763158, 2013-02-11, 17:18:41.763158, 144.6813, -14.7341, 552.05, 117, 5.8, 0.113, 02:43, oTGF130211721
tTGF130215707, 382640250.228044, 2013-02-15, 16:57:27.228044, 186.5265, -25.2621, 552.77, 119, 5.2, 0.215, 05:09, NULL
tTGF130217700, 382812492.463500, 2013-02-17, 16:48:09.463500, 212.1748, -17.3359, 547.80, 119, 4.8, 0.280, 06:43, oTGF130217700a
tTGF130227678, 383674551.309452, 2013-02-27, 16:15:48.309452, 17.1816, -6.5471, 537.24, 116, 6.3, 0.717, 17:12, oTGF130227678a
tTGF130228676, 383760776.716502, 2013-02-28, 16:12:53.716502, 33.8275, -16.2967, 541.28, 119, 5.2, 0.761, 18:16, oTGF130228676
tTGF130301689, 383848352.013058, 2013-03-01, 16:32:29.013058, 136.3075, -12.4169, 554.39, 119, 5.2, 0.059, 01:25, oTGF130301689b
tTGF130302331, 383903777.690916, 2013-03-02, 07:56:14.690916, 142.4592, -15.3377, 538.59, 119, 5.6, 0.718, 17:14, oTGF130302331
tTGF130306223, 384240031.267646, 2013-03-06, 05:20:28.267646, 73.1122, +18.2768, 545.23, 43, 8.4, 0.418, 10:02, NULL
tTGF130316390, 385118460.419296, 2013-03-16, 09:20:57.419296, 123.5767, -15.1288, 538.93, 119, 6.5, 0.727, 17:27, oTGF130316390
tTGF130318876, 385333257.010106, 2013-03-18, 21:00:54.010106, 123.6475, +9.2805, 549.70, 119, 5.7, 0.214, 05:08, oTGF130318876
tTGF130321926, 385596821.025586, 2013-03-21, 22:13:38.025586, 103.1013, -0.6976, 549.17, 118, 4.6, 0.208, 04:59, oTGF130321926
tTGF130323347, 385719606.002748, 2013-03-23, 08:20:03.002748, 107.1161, -5.7090, 544.11, 116, 7.8, 0.640, 15:22, oTGF130323347
tTGF130329243, 386228964.866518, 2013-03-29, 05:49:21.866518, 107.2903, -1.8495, 551.73, 116, 6.4, 0.537, 12:54, oTGF130329243
tTGF130412908, 387496078.681856, 2013-04-12, 21:47:55.681856, 283.6814, +6.6536, 550.67, 119, 6.3, 0.696, 16:42, oTGF130412908
tTGF130415427, 387713700.222562, 2013-04-15, 10:14:57.222562, 89.5167, +0.9191, 552.40, 116, 7.4, 0.676, 16:13, oTGF130415427
tTGF130415857, 387750856.187866, 2013-04-15, 20:34:13.187866, 109.4873, -1.8150, 534.44, 43, 25.8, 0.161, 03:52, oTGF130415857
tTGF130416162, 387777224.784878, 2013-04-16, 03:53:41.784878, 213.2842, -14.3627, 553.02, 117, 5.4, 0.755, 18:07, oTGF130416162
tTGF130416357, 387794049.572082, 2013-04-16, 08:34:06.572082, 121.8178, -5.8814, 553.14, 116, 8.2, 0.696, 16:42, oTGF130416357
tTGF130430557, 389020918.560242, 2013-04-30, 13:21:55.560242, 100.5376, -3.2373, 552.90, 43, 8.2, 0.838, 20:07, oTGF130430557
tTGF130502410, 389181056.869998, 2013-05-02, 09:50:53.869998, 135.8939, -4.6854, 553.67, 119, 9.2, 0.790, 18:57, oTGF130502410
tTGF130503434, 389269517.636560, 2013-05-03, 10:25:14.636560, 286.8559, +10.3757, 534.24, 119, 6.2, 0.233, 05:36, oTGF130503434
tTGF130505422, 389441267.187430, 2013-05-05, 10:07:44.187430, 282.5244, +7.4116, 535.95, 119, 6.1, 0.209, 05:01, oTGF130505422
tTGF130506648, 389547197.127626, 2013-05-06, 15:33:14.127626, 16.8874, -4.9862, 549.83, 116, 7.4, 0.697, 16:44, oTGF130506648
tTGF130510430, 389873997.173486, 2013-05-10, 10:19:54.173486, 106.1175, +13.4697, 547.98, 116, 7.1, 0.728, 17:28, oTGF130510430
tTGF130512046, 390013618.219564, 2013-05-12, 01:06:55.219564, 20.2159, +0.9258, 545.93, 117, 4.8, 0.105, 02:31, oTGF130512046
tTGF130515687, 390328165.526620, 2013-05-15, 16:29:22.526620, 115.2466, +3.9073, 551.40, 117, 5.2, 0.010, 00:14, oTGF130515687
tTGF130516258, 390377473.719248, 2013-05-16, 06:11:10.719248, 124.6722, +14.0278, 537.63, 119, 7.4, 0.607, 14:34, oTGF130516258
tTGF130518976, 390612300.706942, 2013-05-18, 23:24:57.706942, 221.6936, +19.6292, 535.99, 43, 14.5, 0.594, 14:15, NULL
tTGF130520303, 390726997.941626, 2013-05-20, 07:16:34.941626, 111.8323, +23.7751, 536.57, 119, 4.9, 0.616, 14:47, NULL
tTGF130520833, 390772793.022994, 2013-05-20, 19:59:50.022994, 278.7849, +24.0672, 536.16, 119, 5.2, 0.610, 14:38, oTGF130520833
tTGF130521580, 390837349.061782, 2013-05-21, 13:55:46.061782, 109.1421, +3.3818, 549.83, 43, 12.2, 0.886, 21:16, oTGF130521580
tTGF130524498, 391089399.264642, 2013-05-24, 11:56:36.264642, 135.1616, -5.6178, 549.56, 119, 5.8, 0.875, 21:00, oTGF130524498
tTGF130525418, 391168888.575574, 2013-05-25, 10:01:25.575574, 122.3230, +10.5335, 540.12, 116, 7.6, 0.760, 18:14, oTGF130525418
tTGF130526418, 391255325.879682, 2013-05-26, 10:02:02.879682, 150.1753, -6.1997, 546.57, 118, 5.2, 0.837, 20:06, oTGF130526418
tTGF130531952, 391733417.989758, 2013-05-31, 22:50:14.989758, 118.7542, +15.9801, 545.89, 116, 5.7, 0.283, 06:47, oTGF130531952
tTGF130601534, 391783724.594266, 2013-06-01, 12:48:41.594266, 196.0755, -14.2525, 555.33, 117, 6.4, 0.080, 01:55, oTGF130601534
tTGF130607586, 392306628.932798, 2013-06-07, 14:03:45.932798, 275.3739, +23.8062, 547.15, 119, 6.4, 0.352, 08:26, oTGF130607586
tTGF130608438, 392380270.610772, 2013-06-08, 10:31:07.610772, 271.8749, +23.1645, 552.05, 119, 7.2, 0.194, 04:40, oTGF130608438
tTGF130611348, 392631662.173002, 2013-06-11, 08:20:59.173002, 261.2355, +17.9743, 548.65, 119, 6.0, 0.074, 01:46, oTGF130611348
tTGF130620676, 393437575.745504, 2013-06-20, 16:12:52.745504, 29.4405, +0.5334, 534.06, 118, 5.2, 0.756, 18:09, oTGF130620676
tTGF130626975, 393981865.370448, 2013-06-26, 23:24:22.370448, 282.2122, +20.4318, 535.12, 117, 6.2, 0.757, 18:10, oTGF130626975
tTGF130627255, 394006022.692434, 2013-06-27, 06:06:59.692434, 265.7237, +18.2532, 534.59, 119, 5.7, 0.991, 23:47, oTGF130627255b
tTGF130628984, 394155386.188432, 2013-06-28, 23:36:23.188432, 27.2214, +2.8390, 537.51, 117, 5.8, 0.057, 01:22, oTGF130628984
tTGF130702936, 394496867.704764, 2013-07-02, 22:27:44.704764, 259.9220, +22.7435, 543.92, 119, 7.4, 0.655, 15:43, oTGF130702936
tTGF130704808, 394658619.416336, 2013-07-04, 19:23:36.416336, 34.9718, +7.7191, 533.39, 116, 6.3, 0.902, 21:39, oTGF130704808
tTGF130705109, 394684642.178634, 2013-07-05, 02:37:19.178634, 120.1678, -0.1674, 552.29, 116, 6.1, 0.440, 10:33, oTGF130705109
tTGF130713734, 395429778.282680, 2013-07-13, 17:36:15.282680, 281.3124, +25.7237, 551.93, 119, 5.4, 0.511, 12:16, oTGF130713734
tTGF130719482, 395926461.785878, 2013-07-19, 11:34:18.785878, 261.9287, +12.2931, 534.47, 116, 7.8, 0.205, 04:56, oTGF130719482c
tTGF130721401, 396092285.648766, 2013-07-21, 09:38:02.648766, 272.0303, +10.5767, 532.68, 119, 4.9, 0.153, 03:40, oTGF130721401
tTGF130724667, 396374458.547066, 2013-07-24, 16:00:55.547066, 274.0669, +15.0431, 542.15, 119, 5.2, 0.424, 10:11, oTGF130724667
tTGF130727226, 396595566.286012, 2013-07-27, 05:26:03.286012, 283.0918, +7.6033, 537.69, 116, 7.7, 0.008, 00:12, oTGF130727226
tTGF130728569, 396711592.670316, 2013-07-28, 13:39:49.670316, 255.6472, +22.0122, 533.54, 117, 6.4, 0.275, 06:36, oTGF130728569
tTGF130728641, 396717824.722050, 2013-07-28, 15:23:41.722050, 261.1567, +11.6201, 536.38, 119, 8.1, 0.362, 08:42, oTGF130728641
tTGF130803857, 397254837.118074, 2013-08-03, 20:33:54.118074, 90.4970, +24.3009, 537.75, 116, 5.7, 0.104, 02:30, oTGF130803857
tTGF130807946, 397608115.846274, 2013-08-07, 22:41:52.846274, 296.2902, +9.0469, 551.17, 116, 7.0, 0.765, 18:21, oTGF130807946
tTGF130809361, 397730352.076616, 2013-08-09, 08:39:09.076616, 272.8526, +10.9687, 539.73, 119, 5.6, 0.115, 02:45, oTGF130809361
tTGF130820401, 398684232.976760, 2013-08-20, 09:37:09.976760, 80.0751, +23.3621, 538.65, 119, 7.1, 0.621, 14:54, oTGF130820401
tTGF130901904, 399764549.597358, 2013-09-01, 21:42:26.597358, 112.4481, +6.6163, 547.40, 119, 5.5, 0.217, 05:12, oTGF130901904
tTGF130902572, 399822263.850370, 2013-09-02, 13:44:20.850370, 257.5807, +18.7444, 543.78, 116, 5.9, 0.288, 06:55, oTGF130902572
tTGF130902834, 399844890.758762, 2013-09-02, 20:01:27.758762, 145.6970, +13.2090, 546.28, 119, 5.2, 0.239, 05:45, oTGF130902834
tTGF130913030, 400725784.851892, 2013-09-13, 00:43:01.851892, 356.8832, +13.4005, 546.76, 117, 5.6, 0.024, 00:35, oTGF130913030
tTGF130916490, 401024738.913634, 2013-09-16, 11:45:35.913634, 265.1211, +20.0669, 551.08, 116, 8.6, 0.230, 05:31, oTGF130916490
tTGF130923380, 401620068.383442, 2013-09-23, 09:07:45.383442, 278.9946, +10.0069, 547.14, 119, 5.3, 0.161, 03:51, oTGF130923380
tTGF130926289, 401871347.328572, 2013-09-26, 06:55:44.328572, 265.2555, +18.9627, 538.06, 119, 9.1, 0.032, 00:45, oTGF130926289
tTGF130930128, 402203088.685280, 2013-09-30, 03:04:45.685280, 292.3454, +19.2268, 532.95, 117, 6.2, 0.947, 22:44, oTGF130930128
tTGF131011026, 403144615.466420, 2013-10-11, 00:36:52.466420, 101.6055, -4.6814, 547.28, 119, 6.4, 0.317, 07:36, oTGF131011026
tTGF131017410, 403696211.161944, 2013-10-17, 09:50:08.161944, 72.7322, +13.9456, 550.23, 116, 8.1, 0.622, 14:56, oTGF131017410
tTGF131019440, 403871607.846508, 2013-10-19, 10:33:24.846508, 280.8704, +11.0014, 536.21, 119, 5.5, 0.231, 05:32, oTGF131019440
tTGF131024758, 404331122.066862, 2013-10-24, 18:11:59.066862, 252.2359, +13.2161, 545.52, 118, 7.5, 0.470, 11:17, oTGF131024758
tTGF131102535, 405089408.235724, 2013-11-02, 12:50:05.235724, 110.2301, -1.7288, 548.96, 119, 6.8, 0.852, 20:27, oTGF131102535a
tTGF131102562, 405091748.965108, 2013-11-02, 13:29:05.965108, 250.2383, +14.9176, 531.75, 118, 6.8, 0.268, 06:26, oTGF131102562
tTGF131102608, 405095728.249778, 2013-11-02, 14:35:25.249778, 118.0393, +13.9604, 542.32, 117, 6.8, 0.947, 22:44, oTGF131102608
tTGF131103273, 405153193.436756, 2013-11-03, 06:33:10.436756, 250.2455, +19.6466, 541.11, 116, 6.8, 0.980, 23:31, oTGF131103273
tTGF131108034, 405564571.845128, 2013-11-08, 00:49:28.845128, 273.7175, +10.3855, 550.46, 117, 7.1, 0.806, 19:21, oTGF131108034
tTGF131108624, 405615487.859342, 2013-11-08, 14:58:04.859342, 25.0937, -4.5094, 550.83, 119, 5.3, 0.705, 16:55, oTGF131108624a
tTGF131110912, 405813219.778692, 2013-11-10, 21:53:36.778692, 107.0598, -6.7014, 535.01, 116, 9.1, 0.221, 05:18, oTGF131110912
tTGF131111871, 405896023.265000, 2013-11-11, 20:53:40.265000, 287.4561, +3.3629, 547.52, 119, 4.9, 0.680, 16:19, oTGF131111871
tTGF131121989, 406770257.729192, 2013-11-21, 23:44:14.729192, 119.3374, -17.0888, 538.23, 118, 5.7, 0.330, 07:56, oTGF131121989
tTGF131128714, 407351323.774354, 2013-11-28, 17:08:40.774354, 20.7839, +2.4220, 543.35, 117, 6.6, 0.780, 18:44, oTGF131128714
tTGF131203777, 407788718.923014, 2013-12-03, 18:38:35.923014, 132.6042, -5.5022, 550.08, 43, 10.0, 0.152, 03:39, oTGF131203777
tTGF131205795, 407963125.026340, 2013-12-05, 19:05:22.026340, 289.2423, +5.9919, 531.77, 119, 5.2, 0.605, 14:32, oTGF131205795
tTGF131207589, 408118133.663426, 2013-12-07, 14:08:50.663426, 23.6970, -10.1046, 535.44, 116, 6.9, 0.661, 15:52, oTGF131207589
tTGF131209794, 408308567.282850, 2013-12-09, 19:02:44.282850, 45.8471, -19.0637, 549.82, 119, 5.9, 0.926, 22:14, oTGF131209794
tTGF131210172, 408341300.522004, 2013-12-10, 04:08:17.522004, 161.4730, -13.2921, 534.94, 119, 5.5, 0.626, 15:01, oTGF131210172
tTGF140104715, 410548150.057066, 2014-01-04, 17:09:07.057066, 97.3454, +0.7563, 533.91, 119, 5.7, 0.982, 23:33, oTGF140104715
tTGF140110804, 411074260.638284, 2014-01-10, 19:17:37.638284, 18.9974, +0.2094, 532.96, 116, 8.2, 0.851, 20:26, oTGF140110804
tTGF140116504, 411566723.621256, 2014-01-16, 12:05:20.621256, 123.2567, -17.1842, 539.09, 116, 6.8, 0.839, 20:09, oTGF140116504
tTGF140118681, 411754874.969692, 2014-01-18, 16:21:11.969692, 9.8182, -3.5822, 545.04, 118, 5.3, 0.701, 16:50, oTGF140118681
tTGF140120145, 411881290.531120, 2014-01-20, 03:28:07.531120, 228.2241, -18.4825, 545.27, 118, 5.5, 0.771, 18:30, oTGF140120145a
tTGF140121882, 412031371.643894, 2014-01-21, 21:09:28.643894, 43.9250, -17.7150, 536.64, 119, 4.7, 0.996, 23:54, oTGF140121882
tTGF140125521, 412345832.811536, 2014-01-25, 12:30:29.811536, 142.8837, -18.5615, 541.51, 119, 6.2, 0.910, 21:50, oTGF140125521d
tTGF140127503, 412517092.031880, 2014-01-27, 12:04:49.031880, 115.3383, -23.2224, 549.60, 119, 7.2, 0.815, 19:33, oTGF140127503
tTGF140127556, 412521681.760690, 2014-01-27, 13:21:18.760690, 19.6717, -17.6227, 554.57, 119, 5.9, 0.602, 14:27, oTGF140127556
tTGF140204581, 413214997.062404, 2014-02-04, 13:56:34.062404, 44.2749, -18.3386, 554.82, 116, 6.8, 0.694, 16:40, oTGF140204581
tTGF140218001, 414374461.498088, 2014-02-18, 00:00:58.498088, 63.3752, -20.4608, 540.22, 119, 5.9, 0.167, 04:01, oTGF140218001
tTGF140220838, 414619587.031082, 2014-02-20, 20:06:24.031082, 55.7557, -3.1880, 547.55, 116, 7.5, 0.983, 23:36, oTGF140220838
tTGF140221969, 414717357.339362, 2014-02-21, 23:15:54.339362, 33.1983, -17.2450, 547.91, 116, 7.6, 0.052, 01:15, oTGF140221969
tTGF140226794, 415134190.343828, 2014-02-26, 19:03:07.343828, 26.3808, -3.7147, 549.94, 50, 9.4, 0.858, 20:36, oTGF140226794
tTGF140227023, 415154002.822660, 2014-02-27, 00:33:19.822660, 110.4860, -1.8138, 533.15, 118, 5.4, 0.321, 07:42, oTGF140227023
tTGF140306672, 415814893.680602, 2014-03-06, 16:08:10.680602, 27.9532, -12.2550, 542.93, 116, 6.8, 0.742, 17:49, oTGF140306672
tTGF140308747, 415994156.540936, 2014-03-08, 17:55:53.540936, 116.6771, -9.9078, 551.31, 118, 4.7, 0.064, 01:32, oTGF140308747
tTGF140310382, 416135386.461058, 2014-03-10, 09:09:43.461058, 123.6392, -19.3103, 541.27, 118, 5.5, 0.718, 17:14, oTGF140310382
tTGF140315270, 416557762.298138, 2014-03-15, 06:29:19.298138, 84.0562, -2.4366, 532.77, 116, 6.4, 0.498, 11:57, oTGF140315270
tTGF140315467, 416574752.953996, 2014-03-15, 11:12:29.953996, 2.5739, +1.9674, 533.41, 118, 5.6, 0.468, 11:14, oTGF140315467
tTGF140316625, 416674821.744122, 2014-03-16, 15:00:18.744122, 117.8184, -1.4028, 545.34, 117, 5.7, 0.947, 22:43, oTGF140316625
tTGF140323369, 417257494.988312, 2014-03-23, 08:51:31.988312, 130.6332, -13.5892, 534.08, 116, 6.1, 0.727, 17:27, oTGF140323369
tTGF140325760, 417464050.083966, 2014-03-25, 18:14:07.083966, 14.4398, +6.1708, 531.84, 119, 5.1, 0.796, 19:06, oTGF140325760
tTGF140326352, 417515188.224624, 2014-03-26, 08:26:25.224624, 138.8432, -2.4161, 531.20, 43, 9.4, 0.733, 17:36, oTGF140326352
tTGF140327610, 417623897.394244, 2014-03-27, 14:38:14.394244, 41.1462, -0.0042, 530.81, 119, 5.1, 0.720, 17:17, oTGF140327610
tTGF140401806, 418072815.923410, 2014-04-01, 19:20:12.923410, 119.1975, -4.2092, 546.22, 116, 8.5, 0.134, 03:13, oTGF140401806
tTGF140405771, 418415432.407030, 2014-04-05, 18:30:29.407030, 79.0642, +6.2205, 534.46, 116, 8.3, 0.989, 23:44, oTGF140405771
tTGF140405904, 418426888.576370, 2014-04-05, 21:41:25.576370, 31.6175, +5.6043, 534.52, 119, 4.6, 0.990, 23:45, oTGF140405904
tTGF140409111, 418703985.914748, 2014-04-09, 02:39:42.914748, 102.8665, -9.8107, 550.52, 118, 5.5, 0.395, 09:29, oTGF140409111
tTGF140418744, 419536243.729256, 2014-04-18, 17:50:40.729256, 10.0204, -4.1602, 536.60, 1, 8.4, 0.772, 18:31, oTGF140418744
tTGF140422840, 419890160.582578, 2014-04-22, 20:09:17.582578, 275.4967, +8.9976, 545.99, 119, 6.7, 0.606, 14:33, oTGF140422840
tTGF140423311, 419930882.046092, 2014-04-23, 07:27:59.046092, 142.7329, -9.8844, 543.66, 119, 6.3, 0.709, 17:01, oTGF140423311
tTGF140424564, 420039097.947562, 2014-04-24, 13:31:34.947562, 19.6831, +0.5257, 546.81, 119, 6.8, 0.620, 14:52, oTGF140424564
tTGF140427474, 420290573.479858, 2014-04-27, 11:22:50.479858, 27.3583, +1.4171, 548.36, 117, 5.5, 0.552, 13:15, oTGF140427474
tTGF140428536, 420382282.261878, 2014-04-28, 12:51:19.261878, 11.2830, -5.3955, 549.47, 119, 6.0, 0.569, 13:39, oTGF140428536
tTGF140429267, 420445470.079426, 2014-04-29, 06:24:27.079426, 120.4596, -13.2983, 550.94, 116, 7.9, 0.603, 14:29, oTGF140429267
tTGF140429692, 420482187.729614, 2014-04-29, 16:36:24.729614, 118.6756, +1.9195, 530.30, 119, 8.9, 0.023, 00:34, oTGF140429692
tTGF140511964, 421542479.398208, 2014-05-11, 23:07:56.398208, 103.9430, -1.1759, 530.66, 116, 7.7, 0.255, 06:07, oTGF140511964
tTGF140515334, 421833646.742018, 2014-05-15, 08:00:43.742018, 284.7165, +8.2500, 531.51, 119, 13.0, 0.127, 03:03, oTGF140515334a
tTGF140519764, 422216451.244092, 2014-05-19, 18:20:48.244092, 85.8711, +12.3671, 540.29, 117, 5.1, 0.005, 00:08, oTGF140519764
tTGF140520699, 422297197.388992, 2014-05-20, 16:46:34.388992, 143.8008, -6.9554, 536.81, 116, 5.7, 0.101, 02:25, oTGF140520699
tTGF140522396, 422443857.932412, 2014-05-22, 09:30:54.932412, 116.5888, +24.6293, 546.74, 119, 4.9, 0.723, 17:21, oTGF140522396
tTGF140529201, 423031786.800898, 2014-05-29, 04:49:43.800898, 83.3512, +9.7380, 529.60, 116, 6.6, 0.435, 10:26, oTGF140529201
tTGF140531408, 423222430.004732, 2014-05-31, 09:47:07.004732, 123.9773, +12.3586, 543.11, 119, 5.3, 0.754, 18:05, oTGF140531408
tTGF140603720, 423508645.310590, 2014-06-03, 17:17:22.310590, 10.4632, +1.0942, 542.37, 117, 6.2, 0.751, 18:01, oTGF140603720b
tTGF140607857, 423866006.847874, 2014-06-07, 20:33:23.847874, 116.3222, +2.2719, 541.42, 116, 9.7, 0.180, 04:20, oTGF140607857
tTGF140615297, 424508821.425182, 2014-06-15, 07:06:58.425182, 69.1529, +2.9332, 530.39, 119, 5.1, 0.488, 11:43, oTGF140615297
tTGF140620586, 424965857.158084, 2014-06-20, 14:04:14.158084, 271.5261, +8.5559, 539.64, 118, 6.6, 0.339, 08:09, oTGF140620586
tTGF140623885, 425250864.465388, 2014-06-23, 21:14:21.465388, 90.2090, +23.7666, 547.60, 119, 5.4, 0.134, 03:13, oTGF140623885
tTGF140624292, 425286063.760754, 2014-06-24, 07:01:00.760754, 356.3710, +4.9575, 544.73, 119, 6.4, 0.281, 06:44, oTGF140624292
tTGF140628393, 425640336.562332, 2014-06-28, 09:25:33.562332, 283.2585, +7.3380, 547.17, 119, 5.9, 0.177, 04:15, oTGF140628393
tTGF140630748, 425843811.909634, 2014-06-30, 17:56:48.909634, 349.8314, +8.0896, 529.01, 119, 9.3, 0.717, 17:12, oTGF140630748
tTGF140630946, 425860961.049122, 2014-06-30, 22:42:38.049122, 276.9889, +8.1575, 529.01, 119, 6.7, 0.713, 17:07, oTGF140630946
tTGF140714392, 427022697.730254, 2014-07-14, 09:24:54.730254, 110.3940, +23.5635, 534.01, 119, 5.4, 0.695, 16:41, oTGF140714392
tTGF140715983, 427160116.034798, 2014-07-15, 23:35:13.034798, 261.9141, +19.7723, 533.83, 119, 5.9, 0.706, 16:57, oTGF140715983
tTGF140717384, 427281193.271272, 2014-07-17, 09:13:10.271272, 168.7162, -6.6838, 530.97, 116, 8.2, 0.849, 20:22, oTGF140717384
tTGF140719892, 427497890.497222, 2014-07-19, 21:24:47.497222, 298.5412, +6.5546, 535.37, 119, 5.2, 0.717, 17:13, oTGF140719892
tTGF140719955, 427503325.548182, 2014-07-19, 22:55:22.548182, 258.9464, +13.6551, 537.92, 119, 6.8, 0.670, 16:05, oTGF140719955
tTGF140721187, 427609741.693236, 2014-07-21, 04:28:58.693236, 25.5106, +4.4455, 542.42, 43, 9.2, 0.253, 06:05, oTGF140721187
tTGF140725422, 427975678.559006, 2014-07-25, 10:07:55.559006, 276.9161, +8.5911, 536.13, 117, 5.7, 0.187, 04:29, oTGF140725422b
tTGF140804347, 428833183.888404, 2014-08-04, 08:19:40.888404, 239.3396, +13.8212, 529.26, 116, 8.9, 0.008, 00:11, oTGF140804347
tTGF140807514, 429106794.497064, 2014-08-07, 12:19:51.497064, 113.0498, -5.1074, 541.71, 43, 25.3, 0.824, 19:46, oTGF140807514
tTGF140807544, 429109432.616748, 2014-08-07, 13:03:49.616748, 269.4602, +10.6558, 533.30, 119, 7.2, 0.289, 06:56, oTGF140807544b
tTGF140810453, 429360756.077446, 2014-08-10, 10:52:33.077446, 270.9831, +14.1659, 528.93, 116, 6.2, 0.202, 04:51, oTGF140810453a:oTGF140810453b
tTGF140810494, 429364314.398954, 2014-08-10, 11:51:51.398954, 116.0949, +4.0624, 542.38, 119, 4.7, 0.813, 19:31, oTGF140810494
tTGF140811380, 429440867.288680, 2014-08-11, 09:07:44.288680, 295.8925, +11.8036, 528.78, 119, 6.1, 0.199, 04:46, oTGF140811380
tTGF140813009, 429581612.707238, 2014-08-13, 00:13:29.707238, 278.2011, +7.3592, 544.74, 117, 5.7, 0.779, 18:41, oTGF140813009
tTGF140813479, 429622154.393104, 2014-08-13, 11:29:11.393104, 138.0232, +19.6361, 540.86, 119, 4.6, 0.859, 20:36, oTGF140813479
tTGF140819252, 430121006.873926, 2014-08-19, 06:03:23.873926, 282.8433, +10.9580, 535.06, 116, 6.3, 0.035, 00:51, oTGF140819252
tTGF140826314, 430731163.552050, 2014-08-26, 07:32:40.552050, 115.8874, +23.8613, 542.60, 117, 5.5, 0.635, 15:14, oTGF140826314
tTGF140826460, 430743709.657640, 2014-08-26, 11:01:46.657640, 137.7016, +16.6673, 546.72, 117, 5.4, 0.841, 20:11, oTGF140826460a
tTGF140830603, 431101732.048028, 2014-08-30, 14:28:49.048028, 282.1528, +4.7864, 529.03, 118, 5.8, 0.387, 09:17, oTGF140830603
tTGF140901392, 431256261.433702, 2014-09-01, 09:24:18.433702, 357.3371, +10.6480, 528.52, 119, 5.1, 0.384, 09:14, oTGF140901392
tTGF140901588, 431273237.351222, 2014-09-01, 14:07:14.351222, 275.2391, +6.2278, 528.74, 116, 9.2, 0.353, 08:28, oTGF140901588
tTGF140902738, 431372530.617582, 2014-09-02, 17:42:07.617582, 351.4520, +12.8227, 541.39, 119, 8.0, 0.714, 17:08, oTGF140902738
tTGF140905648, 431624026.513884, 2014-09-05, 15:33:43.513884, 3.1682, +11.9306, 536.54, 43, 8.4, 0.658, 15:48, oTGF140905648
tTGF140908301, 431853219.779556, 2014-09-08, 07:13:36.779556, 141.8268, -3.9607, 539.01, 118, 5.9, 0.697, 16:43, oTGF140908301
tTGF140910523, 432045203.464160, 2014-09-10, 12:33:20.464160, 255.8552, +17.0385, 536.20, 119, 10.8, 0.236, 05:40, oTGF140910523
tTGF140912846, 432245886.669342, 2014-09-12, 20:18:03.669342, 165.7312, +25.5903, 534.31, 119, 7.6, 0.309, 07:25, oTGF140912846
tTGF140917673, 432662932.665274, 2014-09-17, 16:08:49.665274, 181.2560, +24.8382, 543.63, 119, 5.7, 0.180, 04:19, oTGF140917673
tTGF140920177, 432879277.755084, 2014-09-20, 04:14:34.755084, 288.5139, +10.3651, 545.20, 116, 7.3, 0.983, 23:35, oTGF140920177
tTGF140924695, 433269614.016394, 2014-09-24, 16:40:11.016394, 181.4729, +18.1542, 545.41, 119, 5.9, 0.204, 04:54, oTGF140924695
tTGF140929111, 433651199.913102, 2014-09-29, 02:39:56.913102, 270.0802, +20.1289, 535.03, 119, 5.2, 0.868, 20:50, oTGF140929111
tTGF140929256, 433663731.662534, 2014-09-29, 06:08:48.662534, 291.7684, +21.4804, 544.60, 119, 9.9, 0.073, 01:45, oTGF140929256
tTGF140930034, 433730915.377892, 2014-09-30, 00:48:32.377892, 272.7237, +14.1884, 530.91, 119, 6.4, 0.798, 19:09, oTGF140930034
tTGF141001026, 433816644.413980, 2014-10-01, 00:37:21.413980, 268.4471, +14.4394, 529.81, 119, 9.2, 0.779, 18:41, oTGF141001026
tTGF141003298, 434012922.608774, 2014-10-03, 07:08:39.608774, 282.6445, +8.3533, 543.37, 119, 6.5, 0.090, 02:10, oTGF141003298
tTGF141005001, 434160062.712244, 2014-10-05, 00:00:59.712244, 282.0028, +23.9746, 529.43, 116, 6.2, 0.792, 19:00, oTGF141005001
tTGF141008188, 434435405.661592, 2014-10-08, 04:30:02.661592, 261.2692, +17.4298, 531.54, 119, 5.0, 0.922, 22:07, oTGF141008188
tTGF141008650, 434475351.849810, 2014-10-08, 15:35:48.849810, 87.8047, +18.5337, 530.66, 119, 5.5, 0.902, 21:40, oTGF141008650
tTGF141011898, 434756031.559504, 2014-10-11, 21:33:48.559504, 13.3040, +1.9050, 531.77, 119, 5.2, 0.945, 22:40, oTGF141011898
tTGF141013086, 434858662.882756, 2014-10-13, 02:04:19.882756, 283.4603, +7.9916, 528.67, 116, 6.5, 0.883, 21:12, oTGF141013086
tTGF141022874, 435704306.385832, 2014-10-22, 20:58:23.385832, 280.4490, +9.6120, 537.71, 118, 5.7, 0.664, 15:56, oTGF141022874
tTGF141027672, 436118879.727040, 2014-10-27, 16:07:56.727040, 153.4394, -1.4280, 531.83, 119, 4.7, 0.110, 02:38, oTGF141027672
tTGF141028731, 436210338.661410, 2014-10-28, 17:32:15.661410, 126.1314, -0.4752, 530.56, 119, 6.0, 0.092, 02:13, oTGF141028731
tTGF141029398, 436268019.147986, 2014-10-29, 09:33:36.147986, 271.9968, +13.7327, 532.90, 119, 5.0, 0.165, 03:58, oTGF141029398
tTGF141111819, 437427591.291216, 2014-11-11, 19:39:48.291216, 356.6392, +5.1408, 540.07, 119, 4.9, 0.821, 19:42, oTGF141111819
tTGF141115956, 437784959.902864, 2014-11-15, 22:55:56.902864, 111.3921, -12.1974, 532.64, 119, 6.2, 0.276, 06:37, oTGF141115956
tTGF141116877, 437864587.732442, 2014-11-16, 21:03:04.732442, 111.3919, -2.7416, 528.63, 117, 5.6, 0.197, 04:44, oTGF141116877
tTGF141123678, 438452185.713810, 2014-11-23, 16:16:22.713810, 77.6744, +19.2405, 542.16, 119, 6.1, 0.903, 21:41, oTGF141123678a
tTGF141203576, 439307410.899624, 2014-12-03, 13:50:07.899624, 281.5632, +8.3239, 527.21, 119, 5.2, 0.366, 08:47, oTGF141203576
tTGF141204407, 439379137.211438, 2014-12-04, 09:45:34.211438, 174.8719, -15.9160, 549.10, 116, 6.1, 0.899, 21:35, oTGF141204407
tTGF141206457, 439556327.503286, 2014-12-06, 10:58:44.503286, 145.8652, -17.7199, 549.93, 116, 7.5, 0.869, 20:51, oTGF141206457
tTGF141208860, 439763916.309736, 2014-12-08, 20:38:33.309736, 107.1841, -6.4361, 537.94, 117, 5.9, 0.163, 03:55, oTGF141208860
tTGF141211422, 439985256.833592, 2014-12-11, 10:07:33.833592, 149.6575, -24.5420, 550.92, 119, 6.4, 0.842, 20:13, oTGF141211422
tTGF141212602, 440087209.136540, 2014-12-12, 14:26:46.136540, 20.3410, -7.4530, 536.61, 119, 6.3, 0.663, 15:54, oTGF141212602
tTGF141213624, 440175559.683570, 2014-12-13, 14:59:16.683570, 172.4203, +1.8588, 541.73, 116, 7.0, 0.107, 02:35, oTGF141213624
tTGF141214588, 440258842.645680, 2014-12-14, 14:07:19.645680, 24.1036, -13.5885, 537.02, 43, 8.5, 0.659, 15:49, oTGF141214588
tTGF141215011, 440295343.095636, 2014-12-15, 00:15:40.095636, 11.8538, -3.3047, 545.37, 119, 5.3, 0.047, 01:08, oTGF141215011
tTGF141218514, 440598002.039600, 2014-12-18, 12:19:59.039600, 156.5149, -6.6533, 546.32, 116, 7.3, 0.951, 22:49, oTGF141218514
tTGF141218784, 440621315.798106, 2014-12-18, 18:48:32.798106, 83.5849, +5.8914, 545.01, 116, 9.3, 0.018, 00:26, oTGF141218784
tTGF141219218, 440658813.209034, 2014-12-19, 05:13:30.209034, 125.5855, -15.0956, 531.66, 119, 5.9, 0.569, 13:39, oTGF141219218a
tTGF141226383, 441277872.130064, 2014-12-26, 09:11:09.130064, 145.7465, -5.2193, 534.62, 119, 12.1, 0.787, 18:54, oTGF141226383
tTGF150101202, 441780665.072274, 2015-01-01, 04:51:02.072274, 170.3870, -2.9228, 528.13, 116, 5.7, 0.673, 16:09, oTGF150101202
tTGF150101904, 441841266.632530, 2015-01-01, 21:41:03.632530, 128.2428, -13.4137, 545.91, 116, 7.6, 0.257, 06:10, oTGF150101904
tTGF150102255, 441871671.533232, 2015-01-02, 06:07:48.533232, 120.0196, -13.1548, 531.29, 1, 7.8, 0.586, 14:04, oTGF150102255
tTGF150103445, 441974460.541984, 2015-01-03, 10:40:57.541984, 40.2889, -14.0061, 533.10, 117, 6.5, 0.554, 13:18, oTGF150103445b
tTGF150106155, 442208630.751628, 2015-01-06, 03:43:47.751628, 120.9935, -14.9377, 537.68, 118, 5.9, 0.488, 11:42, oTGF150106155
tTGF150115526, 443018256.714084, 2015-01-15, 12:37:33.714084, 173.1505, -18.6993, 538.80, 116, 6.3, 0.001, 00:01, oTGF150115526
tTGF150121757, 443556642.065020, 2015-01-21, 18:10:39.065020, 137.6935, -16.7375, 541.19, 1, 10.5, 0.132, 03:10, oTGF150121757b:oTGF150121757c
tTGF150122621, 443631255.941388, 2015-01-22, 14:54:12.941388, 201.3351, -8.2209, 540.71, 116, 8.1, 0.172, 04:08, oTGF150122621
tTGF150122750, 443642432.194594, 2015-01-22, 18:00:29.194594, 139.0853, -14.3548, 539.73, 119, 6.4, 0.129, 03:05, oTGF150122750
tTGF150122819, 443648390.229214, 2015-01-22, 19:39:47.229214, 128.2655, -8.2833, 540.35, 119, 6.5, 0.168, 04:01, NULL
tTGF150123650, 443720201.341712, 2015-01-23, 15:36:38.341712, 25.8382, -2.6980, 531.74, 119, 5.7, 0.714, 17:08, oTGF150123650
tTGF150124382, 443783388.924058, 2015-01-24, 09:09:45.924058, 137.3810, -11.9613, 531.96, 119, 6.2, 0.755, 18:07, oTGF150124382
tTGF150126368, 443954978.693442, 2015-01-26, 08:49:35.693442, 140.6192, -17.1176, 534.43, 117, 8.1, 0.750, 18:00, oTGF150126368
tTGF150127358, 444040554.934332, 2015-01-27, 08:35:51.934332, 129.8221, -14.7897, 536.20, 117, 4.5, 0.710, 17:02, oTGF150127358
tTGF150127618, 444062993.059362, 2015-01-27, 14:49:50.059362, 10.2296, -4.3886, 538.26, 118, 4.7, 0.638, 15:18, oTGF150127618
tTGF150128278, 444120031.497160, 2015-01-28, 06:40:28.497160, 122.7200, -2.1382, 539.64, 116, 6.1, 0.610, 14:39, oTGF150128278
tTGF150131817, 444425754.855704, 2015-01-31, 19:35:51.855704, 88.6642, +5.5973, 528.20, 116, 9.6, 0.054, 01:17, oTGF150131817
tTGF150202235, 444548266.672042, 2015-02-02, 05:37:43.672042, 90.2719, +2.5068, 544.64, 1, 7.8, 0.476, 11:25, oTGF150202235
tTGF150202436, 444565645.949306, 2015-02-02, 10:27:22.949306, 30.0994, -4.1311, 545.42, 43, 19.7, 0.510, 12:14, oTGF150202436
tTGF150209374, 445165156.091546, 2015-02-09, 08:59:13.091546, 344.4204, +2.5549, 536.89, 119, 5.6, 0.321, 07:43, oTGF150209374
tTGF150213940, 445559637.633252, 2015-02-13, 22:33:54.633252, 126.0921, -7.3328, 533.78, 118, 7.9, 0.281, 06:44, oTGF150213940
tTGF150220749, 446147889.724096, 2015-02-20, 17:58:06.724096, 138.6973, -5.7098, 527.95, 119, 5.2, 0.124, 02:59, oTGF150220749
tTGF150301963, 446943990.676176, 2015-03-01, 23:06:27.676176, 131.4947, -12.0514, 529.60, 119, 6.9, 0.320, 07:40, oTGF150301963
tTGF150305569, 447255534.213726, 2015-03-05, 13:38:51.213726, 80.9807, +5.0986, 543.97, 119, 7.6, 0.786, 18:51, oTGF150305569a:oTGF150305569b
tTGF150323156, 448775098.215574, 2015-03-23, 03:44:55.215574, 112.6018, -4.5018, 527.19, 119, 6.5, 0.464, 11:09, oTGF150323156
tTGF150327463, 449147200.096660, 2015-03-27, 11:06:37.096660, 22.6289, -23.3310, 532.67, 119, 5.8, 0.522, 12:32, oTGF150327463
tTGF150401405, 449574174.883542, 2015-04-01, 09:42:51.883542, 283.8060, +8.5432, 541.65, 119, 5.1, 0.190, 04:34, oTGF150401405
tTGF150404881, 449874505.740016, 2015-04-04, 21:08:22.740016, 294.2649, +5.1209, 526.76, 116, 7.4, 0.696, 16:42, oTGF150404881
tTGF150407821, 450128556.455468, 2015-04-07, 19:42:33.455468, 108.0524, -2.8106, 544.20, 119, 5.1, 0.120, 02:53, oTGF150407821
tTGF150413702, 450636650.344688, 2015-04-13, 16:50:47.344688, 95.6063, +1.8692, 534.66, 116, 6.4, 0.967, 23:13, oTGF150413702a
tTGF150416485, 450877068.077592, 2015-04-16, 11:37:45.077592, 184.8735, -13.0429, 538.08, 116, 6.8, 0.998, 23:57, oTGF150416485a
tTGF150417674, 450979845.011282, 2015-04-17, 16:10:42.011282, 106.4297, -12.6507, 535.70, 116, 8.3, 0.970, 23:17, oTGF150417674
tTGF150423126, 451450870.837182, 2015-04-23, 03:01:07.837182, 75.0978, +10.0022, 542.69, 119, 6.7, 0.335, 08:03, oTGF150423126
tTGF150423749, 451504733.153272, 2015-04-23, 17:58:50.153272, 3.5907, +0.3180, 526.83, 117, 6.8, 0.760, 18:15, oTGF150423749
tTGF150430466, 452085032.102062, 2015-04-30, 11:10:29.102062, 273.6113, +17.0156, 538.66, 119, 5.9, 0.228, 05:28, oTGF150430466
tTGF150430558, 452092988.171570, 2015-04-30, 13:23:05.171570, 23.6608, -1.7116, 536.26, 116, 8.3, 0.625, 15:00, oTGF150430558
tTGF150517403, 453548399.264368, 2015-05-17, 09:39:56.264368, 266.0829, +16.7571, 525.45, 116, 6.0, 0.144, 03:28, oTGF150517403
tTGF150525449, 454243590.195314, 2015-05-25, 10:46:27.195314, 89.2979, +18.4565, 542.16, 116, 6.0, 0.699, 16:47, oTGF150525449b
tTGF150527948, 454459539.161350, 2015-05-27, 22:45:36.161350, 189.5879, -7.9702, 538.08, 116, 7.7, 0.477, 11:27, oTGF150527948
tTGF150528885, 454540466.713614, 2015-05-28, 21:14:23.713614, 262.5092, +17.4346, 541.75, 119, 5.2, 0.616, 14:47, oTGF150528885a:oTGF150528885b
tTGF150528946, 454545746.829682, 2015-05-28, 22:42:23.829682, 214.3718, +7.0730, 539.12, 117, 5.7, 0.543, 13:03, oTGF150528946
tTGF150531687, 454782557.836988, 2015-05-31, 16:29:14.836988, 97.0997, -2.6930, 535.64, 119, 5.1, 0.958, 23:00, oTGF150531687
tTGF150603062, 454987731.024992, 2015-06-03, 01:28:48.024992, 281.4847, +7.8891, 541.09, 119, 7.3, 0.845, 20:17, oTGF150603062a
tTGF150606996, 455327689.058982, 2015-06-06, 23:54:46.058982, 106.2819, -2.3174, 525.98, 116, 6.5, 0.292, 07:01, oTGF150606996
tTGF150608984, 455499450.560386, 2015-06-08, 23:37:27.560386, 121.5446, +10.0379, 524.69, 116, 6.3, 0.323, 07:45, oTGF150608984b
tTGF150609905, 455578988.590748, 2015-06-09, 21:43:05.590748, 119.7758, -0.7750, 526.78, 119, 5.1, 0.238, 05:43, oTGF150609905
tTGF150613479, 455887804.115084, 2015-06-13, 11:30:01.115084, 272.6614, +11.8273, 526.81, 117, 5.7, 0.237, 05:41, oTGF150613479
tTGF150613934, 455927107.459838, 2015-06-13, 22:25:04.459838, 66.9553, -5.9564, 535.12, 116, 6.8, 0.120, 02:53, oTGF150613934
tTGF150621275, 456561335.624022, 2015-06-21, 06:35:32.624022, 271.6586, +5.7056, 540.96, 116, 6.9, 0.028, 00:40, oTGF150621275
tTGF150625242, 456904080.074672, 2015-06-25, 05:47:57.074672, 261.5932, +9.7612, 542.27, 119, 6.1, 0.967, 23:12, oTGF150625242
tTGF150702707, 457549068.768, 2015-07-02, 16:57:44.768000, 23.2167, 3.9333, 532.05, 117, 6.3, 0.768, 18:27, oTGF150702707
tTGF150705946, 457828917.392, 2015-07-06, 22:41:53.392000, 275.8167, 5.7333, 527.48, 119, 7.1, 0.709, 17:01, oTGF150705946a
tTGF150706372, 457865742.012, 2015-07-06, 08:55:38.012000, 282.55, 2.0833, 542.13, 116, 5.6, 0.154, 03:41, oTGF150706372
tTGF150714555, 458572784.416, 2015-07-14, 13:19:40.416000, 93.7667, 23.2667, 527.75, 43, 8.5, 0.812, 19:29, oTGF150714555
tTGF150714960, 458607707.608, 2015-07-15, 23:01:43.608000, 346.9833, 10.0667, 532.36, 119, 4.6, 0.919, 22:04, oTGF150714960
tTGF150727490, 459690301.938, 2015-07-27, 11:44:57.938000, 273.5167, 6.1, 541.57, 119, 12.1, 0.245, 05:53, oTGF150727490
tTGF150801647, 460135945.44, 2015-08-01, 15:32:21.440000, 193.8167, 13.5, 536.98, 116, 6.0, 0.181, 04:21, oTGF150801647
tTGF150806270, 460535364.628, 2015-08-06, 06:29:20.628000, 278.6667, 7.1667, 527.38, 117, 4.7, 0.040, 00:58, oTGF150806270
tTGF150809596, 460822674.681, 2015-08-09, 14:17:50.681000, 255.8167, 18.4667, 538.07, 119, 5.0, 0.302, 07:16, oTGF150809596
tTGF150817861, 461536785.791, 2015-08-17, 20:39:41.791000, 121.4667, 8.7667, 528.10, 117, 5.2, 0.195, 04:42, oTGF150817861
tTGF150820209, 461739656.368, 2015-08-20, 05:00:52.368000, 168.15, -4.0833, 541.50, 116, 7.7, 0.674, 16:10, oTGF150820209
tTGF150820373, 461753810.355, 2015-08-20, 08:56:46.355000, 281.2667, 7.1333, 525.63, 119, 5.8, 0.152, 03:38, oTGF150820373
tTGF150823849, 462054172.414, 2015-08-23, 20:22:48.414000, 297.7167, 9.1833, 540.98, 119, 4.6, 0.674, 16:11, oTGF150823849
tTGF150823916, 462059904.976, 2015-08-23, 21:58:20.976000, 274.6333, 9.7667, 540.88, 119, 14.0, 0.677, 16:14, oTGF150823916a:oTGF150823916b
tTGF150826712, 462301510.252, 2015-08-26, 17:05:06.252000, 85.1333, 17.0667, 530.00, 43, 8.5, 0.947, 22:44, oTGF150826712
tTGF150830541, 462632325.933, 2015-08-30, 12:58:41.933000, 95.5, 22.8167, 539.65, 117, 6.3, 0.806, 19:20, oTGF150830541
tTGF150903443, 462969520.306, 2015-09-03, 10:38:36.306000, 122.05, 16.9833, 541.25, 116, 6.8, 0.783, 18:47, oTGF150903443
tTGF150905034, 463106974.767, 2015-09-05, 00:49:30.767000, 282.5167, 6.6, 540.78, 119, 7.9, 0.820, 19:41, oTGF150905034
tTGF150906805, 463259996.983, 2015-09-06, 19:19:52.983000, 278.8167, 25.6, 538.05, 43, 9.7, 0.581, 13:57, oTGF150906805
tTGF150909111, 463459177.708, 2015-09-09, 02:39:33.708000, 106.8, 20.0333, 527.72, 116, 7.0, 0.409, 09:49, oTGF150909111
tTGF150910653, 463592465.205, 2015-09-10, 15:41:01.205000, 27.0167, 1.4333, 541.90, 117, 5.3, 0.731, 17:32, oTGF150910653
tTGF150916373, 464086641.763, 2015-09-16, 08:57:17.763000, 281.3167, 6.9667, 529.91, 119, 5.6, 0.158, 03:48, oTGF150916373b
tTGF150917769, 464207204.76, 2015-09-17, 18:26:40.760000, 169.05, 21.6, 526.56, 119, 4.7, 0.242, 05:48, oTGF150917769
tTGF150918289, 464252216.288, 2015-09-18, 06:56:52.288000, 296.75, 7.0667, 533.18, 117, 5.2, 0.118, 02:50, oTGF150918289
tTGF150924454, 464784822.221, 2015-09-24, 10:53:38.221000, 297.3, 21.9, 528.62, 117, 6.6, 0.285, 06:51, oTGF150924454
tTGF151002956, 465519384.793, 2015-10-03, 22:56:20.793000, 286.4, -0.5667, 532.72, 117, 6.6, 0.759, 18:13, oTGF151002956
tTGF151003753, 465588275.28, 2015-10-03, 18:04:31.280000, 14.9333, 9.5167, 534.04, 119, 4.8, 0.802, 19:15, oTGF151003753
tTGF151005404, 465730943.465, 2015-10-05, 09:42:19.465000, 124.0833, 7.95, 530.49, 117, 5.7, 0.757, 18:10, oTGF151005404
tTGF151008198, 465972347.82, 2015-10-08, 04:45:43.820000, 282.9333, 21.65, 540.20, 116, 7.8, 0.993, 23:50, oTGF151008198
tTGF151009861, 466115980.607, 2015-10-09, 20:39:36.607000, 86.0167, 0.8833, 542.34, 119, 5.5, 0.109, 02:36, oTGF151009861
tTGF151016666, 466703911.745, 2015-10-16, 15:58:27.745000, 97.2, 3.7833, 534.14, 116, 7.1, 0.946, 22:42, oTGF151016666
tTGF151018646, 466875013.111, 2015-10-18, 15:30:09.111000, 78.95, 8.35, 528.86, 116, 7.7, 0.876, 21:01, oTGF151018646
tTGF151020736, 467055614.347, 2015-10-20, 17:40:10.347000, 253.9, 11.8, 533.38, 119, 4.8, 0.452, 10:51, oTGF151020736
tTGF151025721, 467486323.92, 2015-10-25, 17:18:39.920000, 22.0, -3.5, 525.59, 116, 7.6, 0.793, 19:03, oTGF151025721
tTGF151027635, 467651640.221, 2015-10-27, 15:13:56.221000, 24.2833, 3.2, 525.63, 119, 6.7, 0.713, 17:07, oTGF151027635
tTGF151028625, 467737180.387, 2015-10-28, 14:59:36.387000, 14.75, 5.75, 527.01, 116, 7.9, 0.677, 16:15, oTGF151028625a
tTGF151104733, 468351326.415, 2015-11-04, 17:35:22.415000, 125.35, 5.95, 531.08, 50, 11.2, 0.092, 02:13, oTGF151104733
tTGF151109628, 468774283.386, 2015-11-09, 15:04:39.386000, 154.8333, 17.9, 527.30, 119, 4.8, 0.070, 01:40, oTGF151109628
tTGF151110680, 468865132.044, 2015-11-10, 16:18:48.044000, 98.55, 6.0667, 524.17, 117, 5.6, 0.965, 23:09, oTGF151110680
tTGF151111107, 468902009.046, 2015-11-11, 02:33:25.046000, 108.5167, 0.1, 542.05, 118, 5.6, 0.419, 10:04, oTGF151111107
tTGF151111631, 468947350.572, 2015-11-12, 15:09:06.572000, 256.6667, 8.8833, 539.64, 116, 9.5, 0.355, 08:32, oTGF151111631
tTGF151115569, 469287593.776, 2015-11-15, 13:39:49.776000, 100.6, 6.2167, 526.61, 117, 5.0, 0.859, 20:38, oTGF151115569
tTGF151118409, 469532930.58, 2015-11-18, 09:48:46.580000, 128.2, 2.45, 532.63, 117, 4.9, 0.775, 18:36, oTGF151118409
tTGF151120585, 469720962.174, 2015-11-20, 14:02:38.174000, 27.45, -7.1, 540.95, 119, 5.5, 0.671, 16:07, oTGF151120585
tTGF151122371, 469875300.911, 2015-11-22, 08:54:56.911000, 102.15, -1.6333, 540.59, 119, 6.2, 0.665, 15:58, oTGF151122371
tTGF151128116, 470371598.245, 2015-11-28, 02:46:34.245000, 129.0, -10.9, 540.98, 119, 6.5, 0.483, 11:35, oTGF151128116
tTGF151207404, 471174103.789, 2015-12-07, 09:41:39.789000, 158.35, -0.8167, 539.09, 116, 7.0, 0.850, 20:24, oTGF151207404
tTGF151207995, 471225138.842, 2015-12-08, 23:52:14.842000, 281.55, 8.3167, 540.63, 116, 6.7, 0.783, 18:47, oTGF151207995
tTGF151208533, 471271670.619, 2015-12-08, 12:47:46.619000, 133.3333, -14.2167, 539.44, 50, 8.9, 0.909, 21:49, oTGF151208533
tTGF151209450, 471350885.147, 2015-12-09, 10:48:01.147000, 115.35, 4.15, 541.21, 119, 5.8, 0.776, 18:37, oTGF151209450
tTGF151209879, 471387928.829, 2015-12-10, 21:05:24.829000, 134.05, -5.8333, 525.58, 119, 6.9, 0.256, 06:09, oTGF151209879
tTGF151210379, 471431163.461, 2015-12-10, 09:05:59.461000, 154.0, -5.5, 542.02, 119, 6.5, 0.812, 19:29, oTGF151210379
tTGF151210778, 471465606.078, 2015-12-10, 18:40:02.078000, 18.55, -10.5, 542.77, 119, 5.0, 0.834, 20:01, oTGF151210778
tTGF151213843, 471730419.759, 2015-12-13, 20:13:35.759000, 114.7167, -6.5167, 527.98, 118, 6.5, 0.165, 03:58, oTGF151213843
tTGF151214443, 471782240.236, 2015-12-14, 10:37:16.236000, 279.5333, 5.5, 524.54, 118, 8.1, 0.223, 05:21, oTGF151214443a:oTGF151214443b
tTGF151217656, 472059873.693, 2015-12-17, 15:44:29.693000, 45.0167, -22.3167, 547.68, 116, 6.8, 0.784, 18:49, oTGF151217656
tTGF151220295, 472287865.329, 2015-12-20, 07:04:21.329000, 132.3333, -15.9833, 540.78, 119, 6.1, 0.664, 15:56, oTGF151220295
tTGF160113308, 474362628.006, 2016-01-13, 07:23:44.006000, 106.1667, 10.15, 523.44, 43, 14.1, 0.597, 14:20, oTGF160113308
tTGF160113734, 474399393.429, 2016-01-13, 17:36:29.429000, 110.2833, -1.2667, 541.28, 116, 8.1, 0.034, 00:49, oTGF160113734
tTGF160122806, 475183251.286, 2016-01-22, 19:20:47.286000, 131.4167, -22.2667, 547.27, 119, 9.2, 0.163, 03:55, oTGF160122806
tTGF160203358, 476181334.174, 2016-02-03, 08:35:30.174000, 144.2333, -22.9667, 530.51, 119, 5.5, 0.749, 17:59, oTGF160203358
tTGF160205600, 476375056.426, 2016-02-05, 14:24:12.426000, 16.6167, -16.8667, 533.52, 43, 9.7, 0.637, 15:17, oTGF160205600
tTGF160220290, 477644256.275, 2016-02-20, 06:57:32.275000, 144.5167, -4.95, 536.55, 118, 5.7, 0.682, 16:22, oTGF160220290
tTGF160223192, 477895006.379, 2016-02-23, 04:36:42.379000, 133.6333, -14.9833, 544.66, 119, 5.5, 0.554, 13:18, oTGF160223192b
tTGF160229127, 478407745.856, 2016-02-29, 03:02:21.856000, 45.9333, -25.2667, 535.61, 119, 5.0, 0.246, 05:54, oTGF160229127
tTGF160311670, 479405114.768, 2016-03-11, 16:05:10.768000, 26.9833, 5.75, 540.60, 43, 10.3, 0.738, 17:43, oTGF160311670
tTGF160315438, 479730626.952, 2016-03-15, 10:30:22.952000, 90.8833, 1.2333, 540.64, 119, 8.1, 0.684, 16:25, oTGF160315438
tTGF160317815, 479935992.661, 2016-03-17, 19:33:08.661000, 290.1667, 4.2833, 537.13, 116, 7.6, 0.615, 14:46, oTGF160317815
tTGF160319339, 480067694.676, 2016-03-19, 08:08:10.676000, 113.6833, -7.0667, 539.89, 119, 5.0, 0.649, 15:35, oTGF160319339
tTGF160322317, 480325019.882, 2016-03-22, 07:36:55.882000, 126.85, -18.25, 542.39, 118, 6.1, 0.665, 15:58, oTGF160322317b
tTGF160409147, 481865467.506, 2016-04-09, 03:31:03.506000, 11.2833, -2.5167, 536.94, 116, 5.6, 0.177, 04:15, oTGF160409147
tTGF160416676, 482515983.03, 2016-04-18, 16:12:59.030000, 113.3333, 1.7667, 539.41, 117, 5.8, 0.991, 23:47, oTGF160416676
tTGF160420112, 482812865.383, 2016-04-20, 02:41:01.383000, 294.5167, -0.5667, 535.84, 43, 35.3, 0.931, 22:20, oTGF160420112:oTGF160420112
tTGF160424403, 483183643.65, 2016-04-25, 09:40:39.650000, 143.7167, 5.3, 526.09, 116, 15.3, 0.804, 19:17, NULL
tTGF160426457, 483361076.245, 2016-04-26, 10:57:52.245000, 136.9, -8.05, 529.03, 117, 5.1, 0.839, 20:08, oTGF160426457
tTGF160429530, 483626591.282, 2016-04-30, 12:43:07.282000, 272.95, 10.8, 539.32, 116, 7.2, 0.290, 06:58, oTGF160429530
tTGF160430349, 483697332.361, 2016-04-30, 08:22:08.361000, 117.2333, 5.1667, 523.69, 119, 6.8, 0.676, 16:14, oTGF160430349
tTGF160501445, 483792088.65, 2016-05-02, 10:41:24.650000, 287.2333, 10.3, 540.29, 119, 5.1, 0.245, 05:53, oTGF160501445
tTGF160501904, 483831712.596, 2016-05-02, 21:41:48.596000, 99.6333, 1.6667, 540.15, 118, 6.4, 0.183, 04:23, oTGF160501904
tTGF160502402, 483874697.576, 2016-05-02, 09:38:13.576000, 106.8833, -6.45, 525.26, 43, 8.4, 0.701, 16:49, oTGF160502402
tTGF160502599, 483891723.64, 2016-05-02, 14:21:59.640000, 28.7833, -3.85, 525.29, 119, 7.3, 0.681, 16:20, oTGF160502599
tTGF160503887, 484003013.643, 2016-05-03, 21:16:49.643000, 94.7, 3.7, 538.54, 43, 9.4, 0.152, 03:39, oTGF160503887a
tTGF160504475, 484053842.536, 2016-05-04, 11:23:58.536000, 207.4167, -10.5667, 535.85, 116, 6.8, 0.053, 01:17, oTGF160504475
tTGF160504738, 484076594.289, 2016-05-04, 17:43:10.289000, 105.8833, -12.5167, 535.21, 117, 6.1, 0.035, 00:50, oTGF160504738
tTGF160505869, 484174259.887, 2016-05-05, 20:50:55.887000, 86.9, 4.2667, 535.95, 119, 6.2, 0.112, 02:42, oTGF160505869
tTGF160507324, 484299979.533, 2016-05-07, 07:46:15.533000, 280.65, 8.35, 534.75, 119, 5.8, 0.106, 02:32, oTGF160507324
tTGF160510196, 484548158.045, 2016-05-10, 04:42:34.045000, 118.3167, -5.7167, 536.14, 43, 23.2, 0.527, 12:39, oTGF160510196
tTGF160519606, 485361195.988, 2016-05-19, 14:33:11.988000, 61.3167, -1.85, 527.79, 117, 6.1, 0.779, 18:42, oTGF160519606
tTGF160523402, 485689105.729, 2016-05-23, 09:38:21.729000, 270.3333, 8.8833, 527.67, 118, 4.9, 0.155, 03:43, oTGF160523402
tTGF160524228, 485760531.825, 2016-05-24, 05:28:47.825000, 150.75, -6.8833, 538.01, 119, 5.3, 0.649, 15:35, oTGF160524228
tTGF160526349, 485943794.157, 2016-05-26, 08:23:10.157000, 126.35, 9.7833, 533.73, 119, 5.3, 0.702, 16:51, oTGF160526349
tTGF160602038, 486521650.05, 2016-06-02, 00:54:06.050000, 279.35, 23.7167, 532.62, 119, 7.6, 0.815, 19:34, oTGF160602038
tTGF160607387, 486983822.393, 2016-06-07, 09:16:58.393000, 103.2, 24.8667, 540.52, 116, 6.1, 0.674, 16:11, oTGF160607387a
tTGF160607461, 486990242.154, 2016-06-07, 11:03:58.154000, 122.0, 13.0833, 535.76, 117, 6.2, 0.801, 19:13, oTGF160607461a:oTGF160607461b
tTGF160608977, 487121244.406, 2016-06-09, 23:27:20.406000, 267.8, 18.8833, 539.36, 119, 7.9, 0.722, 17:19, oTGF160608977
tTGF160610967, 487293130.188, 2016-06-10, 23:12:06.188000, 295.6667, 2.8667, 538.23, 116, 5.8, 0.788, 18:55, oTGF160610967
tTGF160614507, 487598984.568, 2016-06-14, 12:09:40.568000, 283.05, 10.7, 524.41, 116, 7.5, 0.293, 07:01, oTGF160614507
tTGF160619788, 488055279.487, 2016-06-20, 18:54:35.487000, 123.4333, 2.9, 525.62, 50, 8.5, 0.130, 03:07, oTGF160619788
tTGF160622824, 488317638.861, 2016-06-22, 19:47:14.861000, 76.3333, -1.95, 532.73, 119, 5.1, 0.035, 00:50, oTGF160622824
tTGF160623040, 488336237.638, 2016-06-23, 00:57:13.638000, 89.8833, 25.4667, 523.48, 119, 4.9, 0.288, 06:55, oTGF160623040
tTGF160625273, 488529229.822, 2016-06-25, 06:33:45.822000, 279.6667, 9.2333, 531.89, 119, 6.1, 0.048, 01:10, oTGF160625273
tTGF160627610, 488731116.828, 2016-06-27, 14:38:32.828000, 278.85, 9.85, 523.00, 43, 8.2, 0.382, 09:11, oTGF160627610
tTGF160701438, 489061879.945, 2016-07-01, 10:31:15.945000, 294.9667, 16.0667, 525.36, 116, 7.9, 0.255, 06:07, oTGF160701438
tTGF160704661, 489340335.853, 2016-07-04, 15:52:11.853000, 108.45, 22.7833, 539.87, 116, 8.0, 0.959, 23:01, oTGF160704661
tTGF160711992, 489973681.973, 2016-07-12, 23:47:57.973000, 281.5333, 20.3667, 534.02, 119, 5.2, 0.770, 18:28, oTGF160711992a
tTGF160722829, 490910016.115, 2016-07-22, 19:53:32.115000, 278.0833, 24.6667, 523.39, 119, 5.3, 0.597, 14:19, oTGF160722829
tTGF160726932, 491264519.187, 2016-07-26, 22:21:55.187000, 254.15, 22.9667, 523.08, 118, 5.7, 0.633, 15:12, oTGF160726932